id,g,war,era,k/9,cg,sv
200,31,11.6,2.07,13.2,5,0
815,34,10.7,2.05,9.95,9,0
60,35,10.4,2.49,13.41,3,0
60,35,9.6,2.64,12.56,8,0
642,36,9.6,2.38,9.0,7,0
60,35,9.6,2.6,10.62,4,0
60,30,9.5,2.48,12.35,6,0
60,35,9.5,2.48,12.06,12,0
200,29,9.4,1.74,11.78,7,0
73,36,9.3,3.23,10.97,5,0
815,35,9.2,2.93,9.92,14,0
10954,32,9.0,1.7,11.16,1,0
1004852,35,8.9,1.53,8.72,16,0
1001964,38,8.8,2.34,8.47,13,0
1303,32,8.7,2.35,8.47,8,0
1943,33,8.7,2.16,9.5,6,0
1011691,37,8.6,2.22,10.0,7,0
2036,33,8.6,2.13,11.64,4,0
815,35,8.5,2.62,7.99,13,0
200,31,8.5,1.9,11.37,13,0
115,35,8.4,2.94,9.79,6,0
815,36,8.4,2.97,8.18,18,0
8700,35,8.4,3.45,10.09,3,0
1004852,31,8.3,2.6,11.39,7,0
73,35,8.3,3.25,10.05,15,0
1001964,38,8.2,3.1,8.71,19,0
815,31,8.2,1.93,8.24,7,0
815,33,8.2,2.65,10.39,5,0
73,35,8.2,2.97,11.29,7,0
60,35,8.1,2.32,11.56,8,0
104,33,8.0,2.2,6.85,5,0
710,34,8.0,2.7,10.03,5,0
2036,27,7.9,1.77,10.85,6,0
104,28,7.9,1.63,7.77,10,0
301,30,7.8,2.43,10.43,3,0
104,35,7.8,2.72,6.32,5,0
60,34,7.6,3.28,12.12,10,0
815,32,7.6,2.41,7.59,11,0
10603,32,7.6,2.9,12.93,1,0
5705,32,7.6,2.48,10.42,4,0
1011355,36,7.5,2.16,6.62,12,0
104,36,7.5,2.36,6.64,8,0
13125,33,7.5,2.5,13.82,0,0
104,34,7.5,2.22,7.31,9,0
3137,33,7.5,2.53,12.24,2,0
200,30,7.4,2.26,10.79,2,0
104,25,7.4,1.56,6.95,10,0
1001964,37,7.4,3.11,8.73,8,0
200,29,7.4,2.22,9.93,3,0
1012289,35,7.4,2.79,9.57,13,0
2036,33,7.3,2.28,9.57,5,0
642,35,7.3,3.0,7.89,5,0
404,35,7.3,2.7,8.93,10,0
1636,28,7.3,3.18,7.84,7,0
73,35,7.2,2.98,10.27,6,0
104,35,7.2,3.0,6.86,6,0
2429,29,7.2,2.25,11.71,5,0
2429,34,7.2,2.44,10.27,3,0
840,35,7.2,2.88,6.22,4,0
2036,33,7.2,1.83,8.85,3,0
815,33,7.1,2.48,8.43,10,0
5705,34,7.1,2.62,10.51,2,0
1636,32,7.1,2.4,9.21,6,0
755,33,7.1,2.87,9.25,3,0
349,36,7.1,2.48,7.94,2,0
4153,33,7.0,1.77,9.28,4,0
1303,36,7.0,3.25,6.9,9,0
104,35,7.0,2.18,6.68,9,0
60,30,7.0,2.28,12.3,5,0
60,35,7.0,3.24,10.86,10,1
397,33,7.0,2.96,6.04,10,0
1001098,37,7.0,3.16,6.31,24,0
1011348,32,7.0,3.2,11.32,6,0
1310,34,6.9,2.9,8.23,1,0
4772,34,6.9,2.49,8.18,2,0
8700,33,6.9,2.64,9.03,6,0
837,34,6.9,3.15,8.42,4,0
10954,32,6.9,2.43,11.25,0,0
11713,26,6.9,2.27,9.64,1,0
755,34,6.8,2.61,10.46,1,0
1303,34,6.8,2.93,6.32,2,0
1004852,34,6.8,3.83,8.63,2,0
3,34,6.8,2.56,7.01,5,0
1303,32,6.8,2.79,7.83,9,0
2520,33,6.8,3.67,10.63,0,0
642,33,6.8,2.58,8.45,5,0
815,34,6.8,3.63,9.53,6,0
1636,31,6.7,2.54,6.85,4,0
1303,34,6.7,2.78,7.54,9,0
1051,34,6.7,2.54,9.67,0,0
755,34,6.7,2.77,9.44,1,0
3184,32,6.7,2.45,9.19,3,0
1014174,34,6.7,2.84,6.96,14,0
8700,33,6.7,3.37,8.79,4,0
1005799,35,6.7,3.85,8.25,14,0
642,32,6.7,1.89,6.14,5,0
115,35,6.7,3.02,8.47,7,0
4772,34,6.7,2.27,8.36,6,0
571,36,6.6,3.49,7.82,2,0
1005333,33,6.6,3.24,8.05,5,0
1131,29,6.6,2.34,9.01,5,0
8700,34,6.6,2.52,12.2,1,0
4772,33,6.6,3.06,8.65,5,0
8700,34,6.5,2.4,8.96,4,0
1703,34,6.5,2.63,6.47,7,0
73,32,6.5,3.26,8.06,3,0
642,33,6.5,2.69,7.77,6,0
1692,33,6.5,3.1,6.82,5,0
3137,33,6.5,2.79,10.86,4,0
1680,34,6.5,3.29,9.32,5,0
3137,27,6.5,2.92,12.69,0,0
1013215,36,6.4,1.93,5.53,14,0
8700,34,6.4,2.58,12.11,2,0
1011138,35,6.4,2.4,5.82,14,0
404,34,6.4,3.21,7.8,4,0
1007323,35,6.4,3.84,8.67,14,0
1131,32,6.4,3.2,10.04,4,0
3137,31,6.4,2.51,12.02,2,0
1636,34,6.4,3.22,7.03,6,0
837,34,6.4,3.79,7.95,6,0
1011348,34,6.4,2.76,11.48,0,0
1013435,35,6.3,2.64,6.8,7,0
1292,33,6.3,2.83,7.93,7,0
642,35,6.3,3.32,5.86,11,0
76,33,6.3,3.2,6.69,12,0
104,34,6.3,3.05,6.68,3,0
11530,29,6.3,2.86,12.49,0,0
7450,32,6.3,3.52,7.98,1,0
1005115,36,6.3,3.04,6.11,8,0
3,32,6.3,3.62,8.82,5,0
1303,33,6.2,2.44,7.86,9,0
1013327,34,6.2,3.14,8.09,20,0
1005115,35,6.2,2.7,6.11,8,0
1011355,32,6.2,2.87,6.04,10,0
1009211,37,6.2,3.34,7.11,20,0
855,35,6.2,4.11,6.51,9,0
2233,34,6.2,2.94,8.16,5,0
571,35,6.2,3.01,8.03,0,0
1692,34,6.2,3.01,7.39,4,0
1172,34,6.1,3.16,7.7,2,0
571,35,6.1,2.94,6.85,4,0
1013327,37,6.1,2.87,6.28,18,0
837,31,6.1,3.4,8.18,2,0
1757,33,6.1,3.33,8.58,1,0
801,32,6.1,3.42,8.37,5,0
349,30,6.1,2.51,7.58,3,0
200,31,6.1,2.82,8.63,4,0
571,33,6.1,2.98,6.77,2,0
642,32,6.1,2.39,7.89,0,0
2036,33,6.1,2.53,9.05,2,0
4772,31,6.1,3.04,9.51,0,0
1009637,33,6.0,2.53,5.7,24,0
145,35,6.0,3.22,6.0,10,0
1012734,35,6.0,3.64,7.84,9,0
3374,33,6.0,2.88,8.69,4,0
1004852,34,6.0,3.19,6.34,10,0
837,31,6.0,3.5,7.61,4,0
4676,33,6.0,3.05,11.1,0,0
574,35,6.0,3.85,7.65,4,0
11762,31,6.0,2.6,10.68,0,0
815,32,6.0,1.87,7.88,1,0
801,34,6.0,3.24,9.4,4,0
4567,28,6.0,2.3,9.11,1,0
3137,32,5.9,2.9,10.08,0,0
1009122,35,5.9,3.46,5.65,14,0
1005799,31,5.9,2.45,7.6,8,0
225,33,5.9,3.12,5.67,3,0
1757,35,5.9,3.17,7.25,4,0
10131,28,5.9,2.52,10.47,1,0
801,32,5.9,2.87,9.77,3,0
13125,32,5.9,2.88,12.4,1,0
279,34,5.9,3.3,8.62,5,0
1014174,34,5.9,3.47,7.15,9,0
3284,29,5.9,2.57,9.99,1,0
1010183,33,5.9,2.87,7.92,10,0
4235,34,5.9,3.01,9.35,0,0
76,33,5.9,3.48,6.39,7,0
1013435,35,5.8,2.67,6.56,7,0
1003210,36,5.8,2.37,5.16,7,0
404,33,5.8,3.0,8.72,3,0
404,34,5.8,3.37,7.71,2,0
840,33,5.8,2.39,6.92,0,0
921,34,5.8,2.7,6.07,3,0
104,37,5.8,3.35,6.78,7,0
1000546,33,5.8,3.9,6.88,10,0
840,31,5.8,3.99,7.36,2,0
1001911,34,5.8,2.65,6.32,6,0
12703,28,5.8,2.21,11.34,0,1
9323,33,5.8,3.15,11.07,1,0
932,34,5.7,3.45,6.0,6,0
9434,33,5.7,2.48,8.38,3,0
510,30,5.7,3.27,8.7,1,0
200,33,5.7,2.89,9.67,3,0
815,33,5.7,2.98,9.15,0,0
1451,36,5.7,3.76,8.3,6,0
3137,34,5.6,2.96,11.19,1,0
815,33,5.6,3.51,8.7,0,0
104,33,5.6,3.57,5.58,4,0
3137,33,5.6,3.15,10.29,1,0
10131,33,5.6,3.32,10.81,0,0
1006885,36,5.6,2.76,5.55,8,0
1008382,34,5.6,3.36,7.38,10,0
1012532,35,5.6,2.83,6.67,11,0
1005741,37,5.6,3.06,6.46,10,1
1007323,35,5.6,3.2,6.88,7,0
1005827,35,5.6,3.63,6.1,7,0
4772,34,5.6,2.14,9.46,0,0
1005741,35,5.6,2.31,6.24,8,0
3184,34,5.6,3.26,9.82,3,0
1636,31,5.6,2.87,8.97,2,0
15890,31,5.6,2.98,10.71,0,0
3201,31,5.6,3.62,9.44,0,0
1667,34,5.6,4.08,8.5,0,0
10603,31,5.6,3.41,11.82,1,0
2429,32,5.6,3.49,9.93,4,0
73,24,5.6,2.95,10.39,3,0
1692,34,5.5,3.3,7.27,3,0
404,34,5.5,3.18,7.46,2,0
2429,33,5.5,2.89,9.29,2,0
106,33,5.5,2.68,8.09,2,0
1000012,34,5.5,2.89,5.85,5,0
1010853,39,5.5,3.15,4.88,8,0
16149,33,5.5,2.37,9.49,0,0
1005162,28,5.5,2.64,8.22,1,0
115,35,5.5,3.49,8.19,3,0
574,35,5.5,3.65,7.68,4,0
1000266,38,5.5,2.47,4.64,9,0
1001212,33,5.5,2.95,6.63,8,0
4567,33,5.5,3.23,8.22,2,0
19427,34,5.5,3.28,10.88,3,0
115,32,5.5,3.11,8.62,0,0
1011355,35,5.5,3.8,5.9,9,0
1006114,36,5.4,3.66,5.11,11,0
90,34,5.4,2.55,7.01,9,0
1005741,36,5.4,2.03,5.9,9,0
15890,32,5.4,3.39,10.35,1,0
4235,33,5.4,2.41,7.56,4,0
6632,32,5.4,3.29,10.17,1,0
1013327,35,5.4,2.45,6.87,14,0
1013435,36,5.4,2.9,7.05,7,0
397,32,5.4,3.41,6.77,5,0
4930,32,5.4,2.46,9.01,1,0
8700,34,5.4,3.04,10.04,2,0
1011691,36,5.4,3.23,8.47,8,0
1451,34,5.4,3.73,8.47,2,0
837,33,5.4,3.2,8.73,4,0
4930,32,5.4,3.41,9.96,2,0
4505,32,5.4,2.66,8.2,3,0
1011355,24,5.4,2.74,7.26,4,0
1010958,31,5.4,3.44,7.01,7,0
1051,30,5.4,2.88,9.58,3,0
1007323,32,5.4,3.66,6.84,9,0
9425,32,5.4,2.83,6.07,3,0
115,29,5.4,3.19,7.53,1,0
1013750,33,5.4,3.28,6.99,7,0
1680,35,5.3,2.22,8.29,8,0
1943,32,5.3,1.66,8.08,1,0
2233,34,5.3,2.63,8.19,1,0
1006114,39,5.3,3.53,4.66,14,0
837,36,5.3,4.81,7.55,4,0
837,32,5.3,2.54,4.85,8,0
1943,33,5.3,2.93,8.07,0,0
1077,34,5.3,3.05,6.15,4,0
1001098,33,5.3,2.73,4.89,8,0
10603,32,5.3,3.34,9.25,6,0
1006885,33,5.3,3.05,5.37,2,0
3200,32,5.3,3.49,8.79,2,0
90,36,5.3,2.98,6.92,1,0
3374,33,5.3,3.47,8.17,1,0
3,31,5.3,3.89,8.27,4,0
1757,33,5.3,3.14,8.75,3,0
1507,33,5.3,3.44,8.57,1,0
4772,33,5.3,3.47,8.55,5,0
4849,34,5.3,3.95,5.48,3,0
1001964,24,5.3,2.42,8.48,10,0
1507,33,5.3,3.56,7.86,3,0
1006295,35,5.2,2.73,5.56,15,0
1008473,34,5.2,3.37,5.54,10,0
441,34,5.2,2.97,6.63,4,0
1000546,36,5.2,4.17,6.83,8,0
1006885,34,5.2,3.0,6.58,4,0
1011355,33,5.2,3.36,5.71,15,0
1292,28,5.2,2.24,6.73,3,0
1680,35,5.2,2.81,9.41,7,0
115,26,5.2,2.9,9.29,2,0
6632,32,5.2,3.37,10.83,2,0
1008473,35,5.2,3.41,6.78,15,0
755,34,5.2,2.53,7.91,3,0
137,36,5.2,4.01,6.66,11,0
1006222,33,5.2,2.69,6.58,10,0
837,32,5.2,3.51,7.84,1,0
1091,34,5.2,3.53,6.07,4,0
1010852,31,5.2,2.27,6.4,9,1
1013911,32,5.2,2.6,5.0,6,0
115,33,5.2,3.06,6.62,3,0
15474,29,5.2,3.41,11.62,3,0
666,28,5.2,2.54,11.1,4,0
60,23,5.2,3.19,10.67,9,0
1011348,30,5.2,3.44,10.24,5,0
1013327,34,5.2,3.03,8.28,12,0
801,33,5.2,4.05,8.1,2,0
1008246,35,5.2,3.68,5.45,8,1
3,34,5.2,3.4,7.49,4,0
2717,33,5.1,3.15,7.63,3,0
1012519,37,5.1,3.23,6.27,14,0
840,33,5.1,4.02,7.78,1,0
2233,33,5.1,2.42,8.32,5,0
1005799,34,5.1,2.79,7.5,15,0
1680,31,5.1,3.55,9.06,3,0
13125,32,5.1,2.6,8.74,0,0
837,32,5.1,3.29,6.42,7,0
1012104,32,5.1,2.91,5.14,4,0
1706,35,5.1,2.94,5.04,3,0
921,35,5.1,3.37,6.93,3,0
1012532,36,5.1,3.04,6.05,14,0
815,35,5.1,3.13,8.17,8,0
3580,34,5.1,2.94,8.3,3,0
384,35,5.1,3.15,6.7,13,0
1303,32,5.1,3.19,5.4,4,0
1303,31,5.1,3.71,5.55,7,0
349,33,5.1,2.56,7.29,2,0
104,35,5.1,3.46,5.47,8,0
4972,32,5.1,2.79,8.08,3,0
3815,32,5.1,3.16,7.99,1,0
19374,30,5.1,3.26,10.61,2,0
837,29,5.1,3.49,7.63,4,0
200,33,5.1,3.7,9.22,4,0
179,34,5.1,3.04,7.67,1,0
2038,34,5.1,3.21,6.58,1,0
6345,34,5.1,3.23,10.7,1,0
1009756,29,5.1,2.88,6.29,5,0
1144,26,5.1,3.1,8.9,0,0
7448,32,5.0,2.89,9.35,2,0
1001098,33,5.0,2.87,6.24,12,0
1507,33,5.0,3.01,7.19,2,0
512,35,5.0,4.07,9.39,1,0
1000122,36,5.0,3.13,4.78,11,0
1014170,33,5.0,3.36,8.96,7,0
1012084,34,5.0,3.21,6.09,5,0
1000516,34,5.0,3.35,7.99,5,0
279,35,5.0,3.61,7.26,2,0
115,35,5.0,2.85,7.84,9,0
1292,32,5.0,3.09,7.47,5,0
1002255,37,5.0,3.54,6.71,5,0
384,35,5.0,4.16,8.13,4,0
1680,31,5.0,3.23,9.91,6,0
1010852,34,5.0,3.09,4.24,12,0
1010887,36,5.0,3.09,5.64,7,1
126,28,5.0,3.16,10.93,1,0
1013435,36,5.0,3.66,7.28,9,0
10603,26,5.0,2.17,10.76,2,0
404,28,5.0,3.22,8.03,6,0
512,32,5.0,3.44,8.53,4,0
748,34,5.0,3.48,5.86,1,0
1636,30,5.0,3.16,8.83,0,0
1012519,36,4.9,2.56,5.6,11,0
430,34,4.9,2.9,6.67,3,0
1005124,34,4.9,3.27,4.97,11,0
2233,32,4.9,2.38,7.1,5,0
1008193,33,4.9,2.92,8.56,12,0
1008546,36,4.9,3.32,4.25,12,0
748,35,4.9,3.87,6.53,4,0
4930,32,4.9,3.25,9.74,2,0
6893,32,4.9,2.79,8.11,5,0
5524,32,4.9,2.93,9.65,4,0
2429,32,4.9,3.14,9.5,3,0
34,33,4.9,4.79,8.17,2,0
1943,32,4.9,3.2,9.56,1,0
1011138,36,4.9,3.23,4.81,13,0
921,34,4.9,3.33,5.3,1,0
200,33,4.9,3.9,9.41,1,0
668,32,4.9,3.0,6.27,4,0
8217,32,4.9,3.02,6.09,4,0
14444,29,4.9,2.32,8.03,1,0
10954,30,4.9,2.54,9.66,0,0
1004001,32,4.9,2.73,8.09,5,0
571,33,4.9,3.18,6.54,1,0
1013327,25,4.9,2.48,8.42,11,0
11423,32,4.9,3.2,7.83,0,0
1680,29,4.9,2.82,10.25,1,0
1011348,27,4.9,2.91,10.56,2,0
6329,33,4.9,3.32,7.34,0,0
1000516,35,4.9,3.43,7.62,5,0
4930,32,4.9,3.34,9.09,1,0
1005333,31,4.9,3.47,6.82,7,0
574,30,4.9,3.47,8.32,3,0
1008473,25,4.9,3.73,6.31,6,0
1943,33,4.9,4.17,7.4,3,0
11423,32,4.9,3.32,8.0,0,0
90,33,4.8,2.47,6.16,4,0
1008473,34,4.8,3.18,6.15,13,0
1012519,37,4.8,3.68,7.06,8,0
384,32,4.8,2.4,6.75,7,0
1298,30,4.8,3.4,7.36,3,0
883,28,4.8,2.47,8.11,4,0
1004852,33,4.8,2.84,7.2,12,0
517,33,4.8,2.96,8.14,1,0
1012532,38,4.8,3.25,4.4,19,0
944,35,4.8,3.49,8.61,3,0
1007323,34,4.8,2.74,8.46,8,0
7059,33,4.8,2.82,8.12,11,0
883,31,4.8,3.2,8.65,2,0
1005013,31,4.8,3.42,7.51,7,0
3,30,4.8,2.46,6.48,3,0
1003473,34,4.8,2.77,6.21,10,0
1943,34,4.8,3.48,8.48,0,0
801,32,4.8,3.74,8.85,2,0
1012924,34,4.8,3.85,5.11,5,0
1692,33,4.8,3.54,6.76,1,0
6632,30,4.8,3.63,10.58,3,0
710,31,4.8,3.09,7.17,5,0
8700,34,4.8,3.46,8.95,0,0
4897,34,4.8,3.48,10.41,0,0
1077,31,4.8,3.81,7.89,1,0
1010853,32,4.8,2.94,5.76,7,0
512,31,4.8,3.3,8.94,7,0
3184,34,4.8,3.49,8.75,0,0
10547,29,4.8,3.49,10.21,1,0
1259,32,4.8,3.72,8.78,1,0
801,33,4.8,4.67,8.64,1,0
10603,30,4.8,3.07,9.49,4,0
1005136,22,4.8,2.8,6.58,3,0
1006515,36,4.7,3.43,2.65,16,0
13543,31,4.7,1.89,11.01,0,0
90,35,4.7,3.4,5.68,4,0
475,35,4.7,3.58,6.83,3,0
1245,34,4.7,2.73,8.86,5,0
34,33,4.7,4.23,7.07,3,0
1007973,34,4.7,2.91,4.87,9,0
106,35,4.7,3.24,7.38,1,0
1007438,35,4.7,2.91,7.08,9,0
10603,30,4.7,3.05,9.0,1,0
305,31,4.7,2.75,8.07,1,0
1009211,35,4.7,3.33,6.69,13,0
1003993,35,4.7,3.45,6.98,6,0
1005160,33,4.7,3.66,7.19,5,0
137,34,4.7,3.69,5.32,3,0
13074,29,4.7,3.9,10.4,0,0
1571,32,4.7,3.96,4.09,2,0
921,34,4.7,2.98,5.74,4,0
1757,34,4.7,3.07,7.76,0,0
1014174,35,4.7,3.56,6.48,6,0
375,34,4.7,3.87,6.43,9,0
15764,31,4.7,3.07,7.44,0,0
1003080,35,4.7,3.12,4.2,10,1
9323,33,4.7,3.25,10.6,1,0
1007103,36,4.7,3.25,5.5,3,0
106,35,4.7,4.01,6.85,5,0
305,32,4.7,3.11,7.07,3,0
1144,34,4.7,3.35,6.57,2,0
3,34,4.7,3.42,6.85,6,0
1010140,28,4.7,2.48,6.1,8,0
271,32,4.7,3.56,9.44,3,0
1310,34,4.7,3.77,7.18,0,0
17479,33,4.7,2.75,10.59,0,0
1010852,38,4.7,3.4,4.9,6,0
707,31,4.7,4.01,7.41,2,0
801,33,4.7,4.84,8.17,1,0
3340,31,4.7,3.32,8.95,2,0
73,26,4.7,3.19,8.93,8,0
4972,33,4.7,3.6,8.26,1,0
199,32,4.6,2.58,5.2,1,0
840,35,4.6,3.87,6.6,2,0
90,33,4.6,2.76,5.16,7,0
1010853,37,4.6,2.51,4.36,10,3
4972,31,4.6,3.05,9.03,2,0
1012745,34,4.6,3.06,6.31,6,0
1012824,34,4.6,2.99,4.98,4,0
1003168,36,4.6,3.05,7.39,5,0
1012218,35,4.6,3.2,4.74,6,0
665,34,4.6,3.61,5.51,8,0
1010887,34,4.6,2.84,5.64,12,0
430,33,4.6,3.14,6.24,3,0
1001279,35,4.6,3.7,5.09,13,0
126,33,4.6,3.76,7.84,0,0
73,31,4.6,3.97,8.07,0,0
4972,33,4.6,3.09,7.76,2,0
978,35,4.6,3.29,6.88,3,0
1006295,32,4.6,3.42,4.93,4,0
1091,32,4.6,3.87,5.41,4,0
13074,32,4.6,2.83,11.89,0,0
2036,32,4.6,2.91,9.34,1,0
1003168,34,4.6,3.67,8.31,3,0
1006885,33,4.6,3.88,4.92,5,0
76,31,4.6,2.7,5.81,5,0
4732,33,4.6,2.88,7.27,1,0
115,29,4.6,3.18,9.02,2,0
1172,33,4.6,3.19,6.18,3,0
921,27,4.6,3.53,4.91,3,0
1005162,27,4.6,2.93,7.91,4,0
73,29,4.6,3.81,7.19,8,0
1451,32,4.6,3.83,6.93,1,0
10310,31,4.6,3.96,8.98,0,0
179,34,4.6,4.24,6.26,2,0
1005281,23,4.6,2.25,6.63,8,0
1008161,32,4.6,2.95,6.21,7,0
535,31,4.6,3.69,6.76,1,0
801,34,4.6,3.91,6.99,2,0
1007323,33,4.6,4.4,7.87,5,0
1009122,37,4.6,3.78,7.16,9,1
179,30,4.6,4.56,6.61,2,0
1000546,22,4.6,3.91,7.41,9,0
944,35,4.5,2.75,7.14,1,0
179,34,4.5,3.65,5.63,2,0
1012788,34,4.5,2.82,6.07,1,0
574,35,4.5,3.51,8.06,3,0
855,31,4.5,3.75,5.98,2,0
790,31,4.5,3.0,5.63,2,0
1680,30,4.5,3.57,7.5,6,0
1190,34,4.5,3.87,6.24,0,0
837,33,4.5,4.05,7.6,2,0
1012289,34,4.5,2.7,7.96,18,0
1943,32,4.5,2.71,9.21,0,0
1116,33,4.5,3.75,6.19,5,0
815,33,4.5,3.91,8.08,1,0
1163,34,4.5,3.09,7.09,2,0
1277,34,4.5,3.17,5.2,7,0
3137,32,4.5,3.74,11.08,0,0
225,35,4.5,3.89,6.05,4,0
1012824,34,4.5,3.97,5.65,4,0
73,34,4.5,4.02,7.11,7,0
1001702,34,4.5,2.84,5.03,11,0
932,26,4.5,3.13,6.17,9,0
1004852,25,4.5,3.21,7.41,7,0
1013750,35,4.5,3.22,7.01,6,0
1001909,33,4.5,3.23,7.15,2,0
415,32,4.5,3.28,7.68,0,0
748,33,4.5,3.94,5.46,6,0
1012532,36,4.5,2.48,5.67,8,0
349,29,4.5,2.7,6.94,7,0
67,34,4.5,2.78,5.33,5,1
10131,34,4.5,3.14,10.13,0,0
1001911,31,4.5,3.28,5.69,11,0
1008454,34,4.5,3.39,6.98,7,0
1131,29,4.5,3.45,9.52,2,0
1012084,35,4.5,3.64,7.08,2,0
4972,32,4.5,3.65,9.11,2,0
1514,30,4.5,2.98,10.97,2,0
16149,27,4.5,3.54,9.86,0,0
1003993,30,4.5,3.8,7.03,5,0
12768,31,4.5,2.87,10.52,0,0
1011348,35,4.5,3.35,7.7,4,0
1292,34,4.5,3.45,7.24,4,0
4141,33,4.5,3.42,7.99,2,0
642,26,4.5,3.6,6.11,3,0
1000731,30,4.5,3.84,6.04,8,0
287,31,4.5,4.07,8.23,3,0
6345,34,4.5,4.07,11.15,0,0
4972,30,4.5,2.46,8.71,0,0
4662,25,4.5,3.32,6.49,5,0
6986,33,4.4,2.88,8.03,1,0
6893,34,4.4,2.25,8.94,4,0
375,33,4.4,2.93,5.75,8,0
287,34,4.4,3.8,5.73,5,0
1009122,35,4.4,2.61,6.41,6,0
855,30,4.4,3.49,6.84,8,0
1124,33,4.4,3.29,6.96,1,0
1004145,33,4.4,3.39,4.41,7,0
1007323,35,4.4,3.4,8.16,5,0
161,31,4.4,3.75,5.58,4,0
3184,35,4.4,3.99,8.92,2,0
535,33,4.4,3.03,5.84,0,0
666,33,4.4,3.19,9.22,3,0
1007492,35,4.4,3.41,5.65,8,0
199,35,4.4,3.63,5.08,1,0
384,34,4.4,4.17,7.8,3,0
1116,33,4.4,3.2,6.87,8,0
1010246,35,4.4,3.22,4.83,8,0
1283,33,4.4,3.32,6.92,0,0
642,34,4.4,3.59,5.48,12,0
384,32,4.4,4.21,8.65,2,0
944,35,4.4,3.3,5.67,4,0
14168,32,4.4,3.68,8.76,1,0
375,31,4.4,3.71,6.97,6,0
571,33,4.4,2.76,8.21,2,0
1011355,28,4.4,3.07,6.23,7,0
1001911,31,4.4,3.1,5.42,4,0
5524,33,4.4,3.21,8.4,0,0
304,26,4.4,3.4,12.58,1,0
1014174,34,4.4,4.15,4.79,12,0
1244,34,4.4,3.39,7.21,0,0
287,35,4.4,4.41,6.88,6,0
384,33,4.4,4.43,8.44,1,0
384,34,4.4,3.39,8.54,1,0
1116,35,4.4,3.6,6.56,9,0
8217,34,4.4,4.05,6.04,5,0
1051,32,4.4,4.09,9.56,2,0
384,32,4.4,4.15,8.21,2,0
1011348,35,4.4,3.8,8.11,4,0
1000012,29,4.4,2.77,5.55,7,0
3254,33,4.4,2.99,8.28,2,0
282,42,4.4,3.74,7.83,2,11
3184,31,4.3,2.56,8.74,2,0
1163,34,4.3,3.91,7.44,5,0
3184,32,4.3,2.72,8.11,2,0
6893,33,4.3,2.78,7.05,2,0
225,34,4.3,3.58,5.05,5,0
2036,27,4.3,2.31,10.39,1,0
9803,32,4.3,2.83,6.55,1,0
1012532,33,4.3,2.93,5.39,2,0
1001007,35,4.3,3.12,4.9,8,0
1012941,32,4.3,3.83,4.09,2,0
34,34,4.3,4.51,5.83,2,0
90,29,4.3,3.08,5.75,3,0
4930,33,4.3,3.21,6.5,2,0
5705,33,4.3,3.43,9.79,1,0
1001911,36,4.3,3.57,5.96,17,0
1002255,40,4.3,3.71,4.69,11,0
855,32,4.3,4.21,6.44,5,0
106,34,4.3,4.52,6.57,2,0
5524,34,4.3,2.74,9.97,4,0
1008700,35,4.3,3.25,7.53,8,0
1094,32,4.3,3.49,4.42,3,0
1267,36,4.3,3.5,8.38,2,0
6329,32,4.3,3.72,6.85,1,0
375,30,4.3,3.88,10.15,2,0
104,34,4.3,4.2,5.01,0,0
1010887,33,4.3,2.72,5.14,6,0
199,34,4.3,3.24,6.27,1,0
1005162,33,4.3,3.99,7.9,2,0
225,35,4.3,4.14,4.65,2,0
9784,26,4.3,2.61,8.75,1,0
503,34,4.3,4.01,6.26,0,0
815,29,4.3,4.35,9.6,0,0
1277,34,4.3,4.55,5.03,2,0
1012084,28,4.3,3.46,6.32,1,0
1012532,34,4.3,3.71,4.01,14,0
510,27,4.3,4.03,8.88,1,0
946,43,4.3,4.33,7.63,0,0
1012824,36,4.3,4.43,5.98,3,0
1003660,25,4.3,3.08,6.22,6,0
1051,32,4.3,3.37,7.97,4,0
1692,29,4.3,2.84,8.57,1,0
46,36,4.3,3.54,6.61,2,0
11762,32,4.3,4.28,9.2,1,0
3196,30,4.3,3.12,8.69,0,0
71,31,4.3,3.13,8.39,2,0
11423,32,4.3,3.36,7.72,1,0
1000864,34,4.3,3.36,6.36,4,0
1007988,39,4.3,3.69,4.73,5,0
1006295,36,4.3,4.02,6.11,11,0
1003473,33,4.2,2.76,5.1,9,0
1007185,34,4.2,3.05,6.54,10,0
4930,32,4.2,2.44,8.75,2,0
1009756,32,4.2,2.57,6.13,7,0
40,32,4.2,3.15,6.07,1,0
1011608,29,4.2,3.22,7.57,2,0
1010246,35,4.2,3.24,5.55,7,0
1009582,35,4.2,2.47,4.33,16,0
1172,32,4.2,3.42,7.32,1,0
510,32,4.2,3.86,8.43,4,0
862,34,4.2,5.04,8.15,7,0
12049,31,4.2,2.13,8.05,2,0
7146,33,4.2,3.49,6.85,3,0
1011422,34,4.2,3.81,5.63,2,0
1239,32,4.2,4.47,8.47,0,0
3580,33,4.2,3.35,7.5,3,0
510,29,4.2,3.38,8.36,2,0
15689,32,4.2,3.4,10.67,0,0
3830,34,4.2,3.52,7.88,1,0
1013327,35,4.2,3.75,6.62,9,0
225,34,4.2,3.79,5.76,1,0
1193,35,4.2,4.22,7.5,0,0
73,42,4.2,2.35,5.85,10,2
1008161,31,4.2,2.39,4.99,9,0
3815,31,4.2,2.92,9.21,1,0
304,32,4.2,3.2,11.35,4,0
305,33,4.2,3.26,8.14,2,0
491,29,4.2,3.59,7.13,3,0
1089,34,4.2,3.98,7.83,0,0
90,35,4.2,4.12,5.31,2,0
1006222,25,4.2,2.99,8.62,11,0
12808,32,4.2,3.01,9.31,1,0
441,31,4.2,3.43,6.44,5,0
1943,32,4.2,3.47,8.14,1,0
1005686,33,4.2,4.81,5.26,1,0
11530,28,4.2,2.19,9.75,0,0
10310,29,4.2,3.31,8.84,0,0
5842,31,4.2,3.57,8.03,1,0
1008454,35,4.2,3.9,5.94,2,0
3374,34,4.2,3.99,7.79,1,0
748,32,4.2,4.3,6.15,5,0
748,34,4.2,4.45,5.6,4,0
3283,31,4.2,3.39,7.29,0,0
1298,33,4.2,3.93,8.25,0,0
1772,31,4.2,3.99,7.92,0,0
815,24,4.2,2.85,8.86,3,0
1002215,33,4.2,3.47,5.85,3,0
1000516,32,4.2,3.47,6.41,8,0
434,32,4.2,3.78,6.03,3,0
1001911,33,4.2,3.12,6.53,2,0
1000731,28,4.2,3.35,7.33,6,0
647,32,4.2,4.0,8.4,1,0
1009122,34,4.2,4.97,6.71,6,0
1144,25,4.2,3.86,9.87,2,0
375,33,4.1,3.48,6.35,2,0
1005150,36,4.1,2.95,3.59,16,0
1003993,34,4.1,3.13,6.15,3,0
1009211,34,4.1,3.38,7.04,13,0
1009211,35,4.1,3.43,5.95,10,0
1007492,33,4.1,2.69,4.09,8,0
16256,33,4.1,2.85,7.7,0,0
1001111,34,4.1,3.36,5.64,4,0
60,34,4.1,3.79,8.42,4,0
1051,27,4.1,2.27,9.36,0,0
1008310,41,4.1,2.46,6.83,3,3
8700,33,4.1,3.36,9.57,0,0
404,28,4.1,3.38,8.87,2,0
10954,31,4.1,3.53,10.68,1,0
1012818,34,4.1,3.91,6.01,5,0
1005333,29,4.1,4.24,6.7,1,0
1007323,31,4.1,4.63,6.38,2,0
13048,33,4.1,2.66,7.58,0,0
2586,33,4.1,3.02,8.45,1,0
2608,31,4.1,3.47,5.75,0,0
7059,33,4.1,3.56,6.7,3,0
10021,32,4.1,3.59,8.64,2,0
9425,33,4.1,3.67,6.86,1,0
75,33,4.1,3.74,8.28,3,0
15038,33,4.1,3.77,10.56,0,0
75,31,4.1,4.55,8.8,2,0
7059,34,4.1,3.15,7.71,2,0
3284,32,4.1,3.55,7.25,1,0
3830,31,4.1,5.06,9.49,2,0
1010140,34,4.1,2.75,6.1,4,1
1000789,36,4.1,2.91,7.61,4,4
1000731,32,4.1,3.41,5.08,12,0
1007323,37,4.1,4.85,9.21,9,0
6893,32,4.1,3.44,7.47,2,0
12049,30,4.1,3.46,7.63,1,0
8362,32,4.1,3.49,8.57,2,0
503,32,4.1,3.52,5.95,3,2
1000789,33,4.1,2.62,6.71,2,0
3886,31,4.1,4.08,7.25,1,0
349,26,4.1,3.08,8.93,2,0
3815,31,4.1,3.47,8.57,0,0
1003473,34,4.1,3.79,5.95,7,0
1002296,33,4.1,4.84,6.78,2,0
179,32,4.1,5.68,6.05,0,0
2036,31,4.1,2.79,9.74,0,0
4732,32,4.1,3.65,7.34,1,0
1005741,35,4.0,2.26,6.0,15,1
1009211,35,4.0,3.27,7.52,15,0
1163,34,4.0,2.57,7.22,6,0
1009211,35,4.0,3.6,5.54,9,0
375,30,4.0,2.65,5.53,3,0
1006885,25,4.0,3.27,5.2,1,0
1009465,34,4.0,3.33,3.66,5,0
1000122,36,4.0,3.45,4.9,6,0
1012941,33,4.0,2.16,3.52,5,0
104,34,4.0,2.62,5.33,0,0
1011138,37,4.0,2.98,4.71,14,0
1005172,33,4.0,3.1,5.21,14,0
225,32,4.0,3.29,5.12,4,0
1004001,32,4.0,3.52,8.81,2,1
1014174,36,4.0,4.01,7.0,10,0
755,33,4.0,3.33,9.66,1,0
1007323,35,4.0,3.34,8.08,9,0
1010185,33,4.0,3.43,6.02,7,0
1009211,34,4.0,3.94,6.43,10,0
840,36,4.0,4.05,5.89,0,0
5551,31,4.0,3.39,6.11,0,0
1005124,34,4.0,3.81,6.57,6,0
1077,33,4.0,3.87,5.76,2,0
18383,29,4.0,2.68,7.32,0,0
11713,29,4.0,2.71,8.94,0,0
4732,33,4.0,3.14,7.13,4,0
1001111,36,4.0,3.39,5.95,5,0
1004852,27,4.0,3.6,7.11,3,0
503,33,4.0,4.08,5.97,5,0
1660,30,4.0,4.27,6.15,1,0
1012218,33,4.0,2.55,5.43,4,0
115,29,4.0,2.94,7.27,5,0
1011348,30,4.0,3.04,9.65,5,0
3137,31,4.0,3.5,8.46,0,0
7059,31,4.0,3.85,7.7,1,0
982,31,4.0,4.31,6.02,1,0
1005741,45,4.0,2.66,7.12,8,2
1006222,33,4.0,3.14,6.52,9,0
1298,30,4.0,3.61,6.99,1,0
1001909,35,4.0,4.01,3.74,7,1
1701,34,4.0,4.03,7.08,3,0
3886,30,4.0,4.06,7.6,1,0
11423,32,4.0,4.15,9.87,1,0
7872,33,4.0,3.26,9.73,1,0
512,30,4.0,3.3,9.85,1,0
3184,27,4.0,3.33,7.28,4,0
1012181,33,4.0,3.91,5.44,10,0
106,36,4.0,4.66,7.11,0,0
195,34,4.0,4.2,6.03,0,0
491,30,4.0,4.21,4.83,3,0
1012941,26,4.0,4.22,4.91,5,0
3,23,4.0,3.83,8.42,1,0
1005124,31,3.9,3.42,5.61,21,0
1010852,36,3.9,3.12,3.38,7,0
932,30,3.9,3.47,6.9,2,0
840,32,3.9,4.35,5.5,3,0
1267,34,3.9,3.27,8.64,3,0
1013435,36,3.9,4.09,4.85,9,0
1005124,37,3.9,3.56,6.8,5,1
855,34,3.9,4.82,6.57,7,0
5842,35,3.9,3.14,9.01,1,0
1011708,35,3.9,3.17,5.05,6,0
8779,32,3.9,3.33,6.66,0,0
305,33,3.9,3.41,8.83,0,0
1003473,35,3.9,3.07,5.45,5,0
1006222,31,3.9,3.29,5.72,4,0
4972,28,3.9,3.39,8.69,2,0
115,35,3.9,3.62,7.68,3,0
12768,31,3.9,2.73,7.31,3,0
962,33,3.9,3.14,7.24,2,0
11674,32,3.9,3.2,8.43,2,0
1006295,25,3.9,3.26,6.47,4,0
1006515,37,3.9,3.69,2.76,10,0
2233,32,3.9,3.94,8.34,3,0
375,34,3.9,4.09,8.14,1,0
104,34,3.9,4.14,4.73,1,0
1001964,33,3.9,3.58,6.41,1,0
7667,32,3.9,4.38,5.77,1,0
453,35,3.9,4.85,5.64,3,0
304,28,3.9,3.36,11.2,1,0
1045,35,3.9,3.69,6.39,2,0
1012745,23,3.9,2.61,5.9,6,0
1001098,20,3.9,2.88,6.04,9,0
976,31,3.9,3.2,7.35,3,0
1680,34,3.9,3.33,6.77,6,0
1000122,34,3.9,4.14,5.48,5,0
1283,30,3.9,2.65,6.41,0,0
192,35,3.9,4.7,4.54,4,0
1010185,33,3.9,3.31,6.9,2,0
1001098,34,3.9,3.82,6.98,5,0
1091,33,3.8,3.27,5.4,1,0
4505,32,3.8,3.25,6.79,4,0
2074,34,3.8,3.63,3.14,2,1
1006222,33,3.8,3.66,6.9,7,0
1636,32,3.8,3.79,6.37,1,0
375,32,3.8,3.95,7.07,1,0
1001702,36,3.8,3.96,6.82,8,0
1077,33,3.8,4.07,7.6,2,0
1008161,32,3.8,2.47,5.85,6,0
384,29,3.8,2.57,7.03,9,0
1001111,27,3.8,2.77,6.03,10,0
1680,23,3.8,2.94,6.92,4,0
1009583,32,3.8,3.09,5.68,5,0
1001212,33,3.8,3.62,4.67,4,0
4235,33,3.8,3.75,7.42,4,0
1007103,38,3.8,4.03,5.51,8,2
7448,32,3.8,2.96,8.42,0,0
7059,33,3.8,3.52,8.82,3,0
145,35,3.8,3.68,5.45,9,0
833,34,3.8,3.83,7.57,0,0
1000789,35,3.8,3.92,4.26,4,0
855,31,3.8,4.14,4.27,4,0
1005741,33,3.8,4.24,5.46,1,0
1004546,30,3.8,2.28,5.54,2,0
14444,30,3.8,3.0,7.22,2,0
1757,34,3.8,4.12,7.1,2,0
349,49,3.8,2.39,8.89,0,0
10811,31,3.8,2.85,9.93,2,0
510,30,3.8,2.89,8.16,1,0
1283,33,3.8,3.05,6.83,6,1
1007185,33,3.8,3.12,5.97,7,0
1091,34,3.8,3.32,5.74,4,0
1193,33,3.8,3.48,7.6,2,0
665,32,3.8,3.81,4.91,12,0
1005115,35,3.8,3.98,6.18,10,0
4732,32,3.8,4.15,8.45,1,0
225,33,3.8,4.28,4.24,3,0
1001111,32,3.8,4.07,5.98,9,0
4635,34,3.8,4.41,7.11,3,0
1011348,21,3.8,1.69,8.46,5,0
855,43,3.8,3.14,5.48,0,3
883,29,3.8,3.31,6.82,0,0
1131,32,3.8,3.59,7.59,3,0
1012015,32,3.8,4.0,5.38,3,0
710,34,3.8,4.15,7.06,1,0
710,34,3.8,4.45,6.4,1,0
13431,32,3.8,3.22,7.76,0,0
982,32,3.8,3.85,7.61,2,0
1012941,36,3.8,4.31,5.49,1,0
4972,32,3.8,4.32,7.81,2,0
305,28,3.8,3.77,8.08,1,0
637,30,3.8,4.13,6.46,2,0
3254,32,3.8,4.42,8.88,1,0
1014174,33,3.8,3.51,4.26,5,0
8678,31,3.8,4.44,5.5,0,0
1009211,34,3.7,4.04,4.94,6,0
104,35,3.7,2.95,5.1,7,0
2074,30,3.7,3.7,4.7,1,0
13164,34,3.7,3.81,9.43,0,0
104,34,3.7,3.18,5.06,9,0
1008546,36,3.7,3.18,2.98,12,0
8700,32,3.7,3.66,8.17,1,0
1006050,40,3.7,3.79,7.03,13,0
3990,33,3.7,3.21,9.46,0,0
571,32,3.7,3.54,7.12,3,0
4684,34,3.7,4.22,6.9,1,0
855,29,3.7,3.24,5.9,6,0
646,32,3.7,3.65,6.2,2,0
1012734,35,3.7,3.66,6.01,5,0
1009211,36,3.7,4.18,4.03,11,0
1013750,31,3.7,2.65,6.88,4,0
1009583,40,3.7,3.63,5.76,11,1
1267,34,3.7,3.71,7.79,2,0
1012218,36,3.7,4.05,4.83,9,0
1002296,32,3.7,3.43,6.02,2,0
2038,32,3.7,3.45,9.09,3,0
2233,32,3.7,3.7,6.06,1,0
3403,32,3.7,3.73,7.46,3,0
1757,34,3.7,3.73,6.76,3,0
115,36,3.7,3.8,5.8,5,0
8173,31,3.7,3.84,9.73,2,0
1007492,35,3.7,4.09,4.2,8,0
1007531,26,3.7,2.99,4.78,9,0
225,32,3.7,3.39,5.3,0,0
1013435,35,3.7,3.44,4.58,6,0
4913,29,3.7,3.47,6.95,0,0
90,33,3.7,3.53,4.47,2,0
1003080,34,3.7,3.59,5.62,6,0
1841,33,3.7,3.62,6.77,1,0
1001909,31,3.7,2.94,6.85,1,1
833,27,3.7,3.1,7.68,0,0
1006100,33,3.7,3.44,7.24,1,0
1004852,29,3.7,3.45,6.43,7,0
748,33,3.7,3.75,4.98,4,0
1757,35,3.7,3.91,8.27,2,0
1163,35,3.7,4.19,9.0,4,0
755,29,3.7,2.98,6.51,4,0
1010179,34,3.7,3.59,4.78,7,0
7448,31,3.7,3.79,8.66,0,0
1244,35,3.7,3.84,8.41,2,0
1007103,42,3.7,3.84,4.57,3,3
8223,30,3.7,4.06,7.7,1,0
1009122,38,3.7,4.3,4.94,11,1
815,29,3.7,4.46,7.51,2,0
1001212,46,3.7,5.24,7.94,2,2
9129,34,3.7,3.33,7.68,1,0
1010210,34,3.7,3.68,5.91,6,0
1011192,33,3.7,3.85,6.1,5,0
13074,31,3.7,3.86,10.08,0,0
1089,34,3.7,3.67,6.5,1,0
1014385,34,3.7,3.51,7.03,7,0
3284,32,3.7,3.67,9.26,3,0
4732,34,3.7,3.76,7.69,1,0
926,31,3.7,3.89,5.2,2,0
1002996,35,3.7,3.94,4.95,5,0
10197,33,3.7,3.02,7.5,2,0
1003660,33,3.7,4.57,6.13,1,0
1001111,34,3.6,2.79,4.41,16,0
837,34,3.6,3.37,6.74,0,0
873,32,3.6,3.18,8.1,3,0
5524,33,3.6,2.98,9.07,4,0
232,33,3.6,4.51,4.77,1,0
1013939,33,3.6,4.0,5.53,0,0
2036,29,3.6,3.03,9.54,0,0
104,36,3.6,3.96,5.11,1,0
15467,34,3.6,3.99,6.52,0,0
1277,35,3.6,4.1,6.05,5,0
535,34,3.6,4.33,7.05,0,0
2520,33,3.6,2.74,8.0,2,0
1144,33,3.6,3.03,6.74,4,0
1007492,32,3.6,3.36,4.85,5,0
1005088,38,3.6,3.41,6.61,6,0
1007492,36,3.6,3.49,5.02,1,0
1012015,32,3.6,3.79,5.85,1,0
404,31,3.6,4.03,7.37,1,0
412,32,3.6,4.17,4.64,3,0
90,33,3.6,2.96,5.7,5,0
964,32,3.6,3.28,5.59,1,0
1006050,34,3.6,3.31,5.07,14,0
1005741,35,3.6,3.85,5.95,8,0
115,34,3.6,3.85,6.61,6,0
1014410,38,3.6,4.41,3.71,13,0
750,33,3.6,2.89,4.88,2,0
1014410,28,3.6,3.12,2.75,9,0
815,32,3.6,3.7,8.28,1,0
1489,33,3.6,3.71,4.83,2,0
90,25,3.6,3.97,7.62,2,0
279,30,3.6,4.33,7.81,1,0
404,33,3.6,4.37,6.39,2,0
1056,34,3.6,4.44,6.92,1,0
926,31,3.6,4.53,5.9,1,0
137,34,3.6,5.02,4.05,6,0
4972,33,3.6,3.06,9.1,1,0
304,33,3.6,3.66,9.14,4,0
1012818,33,3.6,4.27,6.66,4,0
1001279,29,3.6,4.37,6.1,10,0
1008161,24,3.6,3.52,4.69,7,0
2586,32,3.6,3.6,8.22,0,0
517,31,3.6,3.65,7.74,1,0
60,30,3.6,3.91,8.46,2,0
219,35,3.6,4.09,7.52,0,1
1010887,35,3.6,4.14,5.0,6,0
1244,30,3.6,4.45,5.56,1,0
1005172,32,3.6,4.47,4.84,3,1
1051,27,3.6,2.85,8.6,1,0
4897,32,3.6,3.77,8.42,0,0
13218,25,3.6,3.83,6.23,1,0
1001007,33,3.6,4.33,5.34,5,0
14916,29,3.6,4.61,9.91,1,0
4772,31,3.6,3.45,7.85,2,0
761,34,3.6,4.03,8.05,0,0
1571,32,3.6,4.23,3.89,0,0
743,34,3.6,4.49,7.11,5,0
1014170,29,3.6,4.13,7.38,2,0
1007531,38,3.5,3.79,4.98,9,0
921,32,3.5,4.14,7.52,2,0
58,33,3.5,4.41,6.82,4,0
7531,32,3.5,3.89,7.56,0,0
4153,31,3.5,3.1,8.67,1,0
1013435,35,3.5,3.21,5.2,10,0
5551,32,3.5,3.29,5.61,4,0
232,32,3.5,3.5,4.68,3,0
1014410,34,3.5,3.73,3.18,12,0
1007031,40,3.5,3.14,4.99,8,0
1000216,30,3.5,2.45,3.69,3,0
1011348,35,3.5,3.16,8.81,10,0
512,31,3.5,3.51,8.01,1,0
1094,32,3.5,3.78,6.42,3,0
1002989,34,3.5,2.81,6.99,4,0
11490,30,3.5,3.0,7.55,0,0
1144,34,3.5,3.78,6.98,4,0
1008473,30,3.5,3.93,6.49,8,0
1006222,33,3.5,4.41,7.16,15,0
5556,34,3.5,2.6,6.36,0,0
1011691,32,3.5,2.92,7.82,8,0
1012734,34,3.5,2.96,5.92,6,1
12768,33,3.5,3.08,7.52,2,0
1005764,33,3.5,3.16,3.92,3,0
1000510,33,3.5,3.34,5.99,3,0
4772,30,3.5,3.92,7.8,1,0
840,32,3.5,4.16,6.84,0,0
287,27,3.5,4.33,5.2,0,0
790,33,3.5,5.1,6.64,1,0
5705,33,3.5,2.74,9.12,1,0
1507,33,3.5,2.77,7.22,1,0
5524,31,3.5,2.77,8.9,0,0
755,25,3.5,3.13,7.88,0,0
1012084,34,3.5,3.24,5.65,5,0
3374,32,3.5,3.3,9.56,0,0
145,24,3.5,3.4,7.57,6,0
10261,31,3.5,3.51,6.71,1,0
404,30,3.5,3.6,6.42,2,0
1013215,32,3.5,3.63,6.72,6,0
6204,31,3.5,3.64,7.6,1,0
1833,33,3.5,3.78,7.56,0,0
15467,29,3.5,4.0,7.83,1,0
1006515,33,3.5,4.03,3.02,3,0
4684,32,3.5,4.16,5.29,1,0
11423,32,3.5,4.68,8.0,0,0
1008473,30,3.5,5.11,6.61,5,0
9434,29,3.5,2.92,6.57,5,0
962,31,3.5,3.91,8.59,1,0
282,31,3.5,4.43,5.67,2,0
1014385,37,3.5,4.91,5.61,5,1
862,32,3.5,5.27,8.85,3,0
1001911,32,3.5,3.0,6.72,6,0
1706,35,3.5,3.2,4.97,2,0
8099,30,3.5,3.5,5.28,5,0
1000012,30,3.5,3.7,3.93,4,0
1004233,31,3.5,3.77,3.65,8,0
1012818,32,3.5,4.15,4.99,7,0
801,33,3.5,4.42,8.01,3,0
397,23,3.5,3.45,5.74,3,0
1004852,31,3.5,3.67,6.33,3,0
1277,31,3.5,4.19,5.81,5,0
232,32,3.5,4.23,4.23,2,0
4538,34,3.5,4.33,6.78,1,0
5372,28,3.5,3.74,9.11,0,0
3284,31,3.5,3.86,7.68,1,0
646,33,3.5,2.88,7.3,3,0
1007185,28,3.5,3.37,6.93,6,0
1005333,27,3.5,3.81,7.37,2,0
571,30,3.5,4.12,6.85,3,0
3200,30,3.5,3.38,7.4,2,0
535,29,3.5,3.9,6.26,1,0
1012084,33,3.4,3.08,5.59,2,0
1009582,37,3.4,3.55,4.46,11,0
1005136,35,3.4,3.9,3.62,4,0
1007319,35,3.4,3.26,3.17,28,0
1010460,33,3.4,2.77,5.67,1,0
1012734,34,3.4,3.68,6.6,6,0
1009122,33,3.4,2.96,6.56,3,0
1005136,34,3.4,3.75,4.46,10,0
106,31,3.4,4.08,8.41,3,0
823,33,3.4,4.12,6.59,2,0
883,33,3.4,2.93,8.36,2,0
837,24,3.4,3.06,5.05,3,0
3283,33,3.4,3.32,6.84,3,0
441,33,3.4,3.5,6.06,2,0
1077,34,3.4,4.39,7.28,1,0
1943,28,3.4,2.63,7.5,1,0
568,26,3.4,3.28,7.87,1,0
4897,32,3.4,3.55,7.75,2,0
328,34,3.4,4.17,7.82,3,0
6176,33,3.4,4.37,7.29,1,0
6797,33,3.4,2.89,7.57,4,0
4732,33,3.4,2.89,7.07,4,0
1011348,29,3.4,2.98,8.39,5,0
7059,34,3.4,3.21,7.14,1,0
12049,33,3.4,3.44,7.28,0,0
1006885,36,3.4,3.57,5.47,4,0
517,33,3.4,3.66,8.31,2,0
840,36,3.4,4.2,7.47,2,0
379,34,3.4,4.2,4.25,2,0
666,33,3.4,4.25,10.11,1,0
13431,33,3.4,3.09,7.34,2,0
1007988,38,3.4,3.12,4.3,9,0
1007492,35,3.4,3.19,4.63,7,0
10021,32,3.4,3.21,7.96,1,0
1010048,27,3.4,3.27,5.36,9,0
1002623,33,3.4,3.31,6.41,3,0
1013197,32,3.4,3.41,3.84,6,0
1014361,33,3.4,3.53,8.3,6,0
801,32,3.4,3.69,7.57,2,0
3830,34,3.4,3.7,7.45,0,0
962,34,3.4,3.72,8.69,2,0
1298,41,3.4,4.29,7.94,1,4
1010183,35,3.4,4.61,7.36,3,0
137,32,3.4,4.81,4.86,7,0
4505,32,3.4,2.94,7.04,0,0
1001007,33,3.4,3.36,3.56,6,0
1680,31,3.4,3.44,8.24,1,0
1011348,33,3.4,3.52,9.33,4,0
4371,32,3.4,3.71,7.33,1,0
60,31,3.4,3.77,10.31,6,0
1841,32,3.4,3.79,6.67,1,0
16149,34,3.4,3.87,10.19,0,0
1007431,38,3.4,3.93,4.0,10,0
8600,27,3.4,4.08,7.64,2,0
1002637,32,3.4,4.23,8.41,4,0
13125,33,3.4,4.26,8.69,0,0
3196,31,3.4,4.26,7.49,0,0
200,24,3.4,3.42,8.83,1,1
1142,31,3.4,3.5,9.98,0,0
3,33,3.4,3.57,7.49,1,0
1007284,44,3.4,3.99,3.7,3,5
982,31,3.4,4.07,6.36,2,0
7059,33,3.4,4.14,6.84,0,0
1012824,24,3.4,4.62,5.25,4,0
855,34,3.4,5.14,5.22,3,0
1007973,31,3.4,3.59,4.43,3,0
976,28,3.4,3.7,8.39,4,0
384,25,3.4,4.32,7.27,7,0
480,32,3.4,5.04,4.86,2,0
106,30,3.4,2.86,6.84,1,0
11423,33,3.4,3.51,7.38,0,0
1005088,25,3.4,3.6,7.09,1,1
966,28,3.4,3.63,8.52,1,0
2227,32,3.4,3.76,7.66,1,0
978,34,3.4,4.23,6.66,1,0
1005088,34,3.4,3.17,6.95,4,0
1012745,31,3.4,4.08,5.47,4,0
642,26,3.4,4.82,6.51,3,0
1011709,36,3.4,4.42,7.92,4,0
90,36,3.3,3.2,4.51,4,0
3273,32,3.3,3.06,5.73,2,0
1003993,32,3.3,3.59,7.46,5,0
8753,34,3.3,2.83,7.37,0,0
739,33,3.3,2.86,6.1,0,0
666,33,3.3,3.09,7.3,2,0
7448,32,3.3,3.12,8.78,0,0
1013750,36,3.3,3.36,6.72,9,0
1943,28,3.3,3.83,10.54,0,0
2047,33,3.3,4.38,9.39,0,0
1000789,39,3.3,2.82,7.83,10,1
8753,31,3.3,2.85,6.25,1,0
11486,28,3.3,2.89,12.11,1,0
4972,32,3.3,3.32,8.97,0,0
73,24,3.3,3.54,7.59,8,0
1660,32,3.3,3.61,6.77,1,0
4930,33,3.3,3.75,7.47,1,0
2520,33,3.3,3.97,8.84,0,0
1001094,31,3.3,2.97,5.18,10,0
11682,31,3.3,3.01,9.22,0,0
1001212,32,3.3,3.25,5.14,5,0
1009465,29,3.3,3.28,5.75,1,0
9323,32,3.3,3.41,7.69,3,0
1680,34,3.3,3.52,7.78,7,0
174,32,3.3,3.56,6.77,2,0
1012745,33,3.3,3.77,6.05,1,0
1144,34,3.3,3.97,6.38,1,0
568,33,3.3,4.13,7.73,1,0
1507,33,3.3,4.35,6.53,0,0
840,33,3.3,4.54,6.97,0,0
76,28,3.3,3.37,6.3,5,0
1001762,34,3.3,3.44,3.32,8,0
5556,31,3.3,3.68,6.64,0,0
883,32,3.3,4.23,6.85,1,0
104,35,3.3,4.24,5.44,3,0
1005374,33,3.3,2.7,7.14,4,0
1001909,33,3.3,2.72,6.46,3,2
637,31,3.3,2.94,7.01,2,0
1004001,31,3.3,3.03,9.1,1,0
1008161,28,3.3,3.08,4.76,3,0
1012289,25,3.3,3.29,7.77,10,0
3201,31,3.3,3.38,9.88,0,0
1000313,29,3.3,3.42,5.96,2,0
1003453,41,3.3,3.63,6.63,4,1
594,31,3.3,3.74,4.49,2,0
75,28,3.3,3.88,7.96,0,0
750,32,3.3,4.05,6.32,3,0
790,33,3.3,4.3,5.96,2,0
480,29,3.3,4.5,5.21,2,0
4772,31,3.3,4.52,8.29,2,0
15038,28,3.3,4.76,9.05,1,0
1006005,23,3.3,2.28,4.68,5,0
1014385,33,3.3,3.27,5.74,5,0
3283,32,3.3,3.31,6.71,1,0
7448,32,3.3,3.36,8.83,1,0
3340,30,3.3,3.7,6.24,3,0
1507,27,3.3,3.83,7.09,1,0
1006515,34,3.3,4.33,2.49,9,0
12970,32,3.3,4.44,8.3,0,0
1006222,35,3.3,4.51,7.42,6,0
1144,31,3.3,4.76,8.47,1,0
225,30,3.3,3.63,5.15,3,0
978,32,3.3,4.03,7.15,0,0
1001111,33,3.3,4.18,6.05,7,0
1010210,32,3.3,4.4,4.82,6,0
3374,32,3.3,4.68,8.6,2,0
4538,30,3.3,4.81,7.14,0,0
8678,31,3.3,3.71,6.06,1,0
3283,31,3.3,3.73,5.69,2,0
8044,31,3.3,3.78,5.42,0,0
5524,34,3.3,3.9,8.8,0,0
206,30,3.3,4.26,5.46,2,0
13431,32,3.3,4.37,7.32,0,0
10131,30,3.3,3.0,9.39,1,0
4567,31,3.3,3.81,7.76,0,0
1012218,38,3.3,4.05,6.11,3,1
11486,32,3.3,4.9,11.25,0,0
137,34,3.3,5.19,4.77,1,0
1005983,34,3.3,5.35,5.91,3,0
453,27,3.3,4.71,5.74,2,0
9425,28,3.3,4.11,4.89,0,0
9132,33,3.3,4.37,6.4,0,0
1012519,36,3.2,3.32,5.41,8,0
137,32,3.2,3.18,4.76,5,0
1002695,35,3.2,2.88,4.89,10,0
1000951,33,3.2,3.14,6.23,4,0
1277,35,3.2,4.76,5.36,2,0
637,33,3.2,3.34,6.0,5,0
1011330,33,3.2,3.55,3.47,6,0
1091,30,3.2,3.86,5.39,2,0
1012924,35,3.2,4.05,5.26,10,0
397,33,3.2,4.95,5.61,1,0
60,33,3.2,5.0,7.55,2,0
67,34,3.2,2.55,4.61,6,0
1005827,33,3.2,2.68,6.19,3,0
4732,32,3.2,2.79,7.92,2,0
1005374,33,3.2,2.98,7.65,5,0
11682,31,3.2,3.04,8.02,0,0
1007423,33,3.2,3.12,5.55,8,0
1006114,31,3.2,3.47,3.55,8,0
840,33,3.2,4.24,6.07,5,0
397,29,3.2,4.55,7.03,2,0
4849,32,3.2,4.82,4.96,1,0
1008382,32,3.2,2.93,4.54,6,0
1006050,34,3.2,3.18,5.43,11,0
7448,33,3.2,3.23,7.67,1,0
1005136,37,3.2,3.38,4.45,6,0
4773,32,3.2,3.91,8.48,1,0
1009465,35,3.2,3.92,6.01,4,0
1011708,34,3.2,3.95,4.98,10,0
105,33,3.2,4.04,4.79,2,0
1012181,37,3.2,4.41,4.45,8,0
964,33,3.2,4.5,7.02,0,0
8700,32,3.2,4.54,6.95,0,0
1004001,35,3.2,2.83,8.12,6,0
1000122,27,3.2,3.01,4.72,6,0
1005374,32,3.2,3.14,6.76,2,0
1007338,33,3.2,3.25,4.13,2,0
1003660,33,3.2,3.6,4.56,4,0
499,35,3.2,3.65,4.5,8,0
453,33,3.2,3.72,6.04,0,0
1010719,34,3.2,3.78,4.68,13,1
1001566,39,3.2,3.81,5.44,4,0
1008714,34,3.2,3.92,4.01,6,0
3200,31,3.2,3.95,8.22,0,0
1014170,35,3.2,4.21,5.36,5,0
1667,29,3.2,4.57,6.9,4,0
815,30,3.2,4.6,7.82,1,0
788,32,3.2,3.18,5.51,2,0
1002255,34,3.2,3.3,5.46,15,0
883,33,3.2,3.48,7.58,2,0
8137,32,3.2,3.56,7.21,2,0
1012734,32,3.2,3.86,5.73,12,0
1001702,28,3.2,4.04,6.17,5,0
1005088,33,3.2,4.14,6.67,3,0
743,29,3.2,4.84,6.37,2,0
1163,36,3.2,5.2,6.17,4,0
1013507,32,3.2,2.71,3.43,1,0
3,32,3.2,2.76,6.16,3,0
1012104,32,3.2,3.0,5.55,1,0
1011348,30,3.2,3.34,9.81,1,0
11682,32,3.2,3.64,9.53,2,0
9434,34,3.2,3.74,6.73,1,0
1006295,32,3.2,3.77,5.13,2,0
840,31,3.2,4.17,5.86,3,0
1013911,34,3.2,3.1,3.83,6,0
1002996,39,3.2,3.17,5.85,6,0
6176,28,3.2,3.45,7.36,0,0
1002623,29,3.2,3.63,6.1,2,0
8011,33,3.2,3.93,5.79,2,0
1010719,47,3.2,4.06,6.09,3,3
4235,30,3.2,4.33,7.74,0,0
15764,32,3.2,4.45,7.37,1,0
12703,34,3.2,4.48,10.69,1,0
287,33,3.2,4.49,7.65,1,0
1285,31,3.2,4.52,5.79,2,0
8700,33,3.2,4.84,7.3,1,0
1012104,33,3.2,2.84,5.38,3,0
397,33,3.2,4.13,4.64,6,0
1010087,31,3.2,4.37,7.0,2,0
1841,32,3.2,4.47,7.78,1,0
3840,34,3.2,4.47,4.89,2,0
3830,33,3.2,4.67,6.47,2,0
1001098,33,3.2,5.43,6.29,7,0
1007492,24,3.2,3.16,4.21,5,0
1004001,30,3.2,3.46,9.08,2,0
1003948,31,3.2,3.63,5.71,7,0
1013197,32,3.2,3.7,4.01,7,0
895,32,3.2,3.82,5.26,0,0
1007988,40,3.2,3.83,4.16,5,0
1003660,23,3.2,4.27,4.62,8,0
15440,32,3.2,4.56,11.56,0,0
161,32,3.2,4.82,6.16,6,0
1009465,33,3.2,5.79,6.1,2,0
19427,12,3.2,1.63,14.2,0,0
4505,26,3.2,3.18,6.92,1,0
1002996,28,3.2,3.49,4.52,9,0
12049,32,3.2,3.95,8.35,1,0
707,33,3.2,4.63,7.84,1,0
862,26,3.2,5.09,7.64,4,0
1003812,32,3.2,3.25,4.56,7,0
637,24,3.2,3.4,6.63,4,0
1011463,31,3.2,4.12,8.05,2,0
5372,32,3.2,4.82,10.61,0,0
1000266,38,3.1,3.4,3.74,10,0
4235,30,3.1,2.81,6.77,3,0
1000266,36,3.1,3.34,5.06,12,0
740,34,3.1,3.16,4.74,4,0
594,33,3.1,3.9,5.08,7,0
287,35,3.1,4.2,6.14,1,0
1077,33,3.1,4.53,5.62,1,0
1012532,32,3.1,3.04,6.38,8,0
1008161,34,3.1,3.18,5.51,5,0
441,32,3.1,3.55,7.06,5,0
1006050,36,3.1,3.76,5.55,17,0
1006050,34,3.1,3.95,5.05,12,0
4141,32,3.1,3.95,7.36,4,0
1008651,36,3.1,3.08,4.21,6,0
1292,28,3.1,3.46,7.52,1,0
1009582,38,3.1,3.48,5.19,9,0
430,34,3.1,3.83,5.61,7,0
1000789,35,3.1,3.91,5.89,2,0
1009465,34,3.1,3.92,4.38,10,0
195,32,3.1,3.13,7.41,1,0
1011076,28,3.1,3.26,3.56,7,0
1277,30,3.1,3.46,4.01,1,0
6244,32,3.1,3.88,6.02,1,0
480,33,3.1,3.9,5.0,4,0
1002255,34,3.1,3.94,5.17,6,0
535,32,3.1,4.13,6.33,0,0
1507,33,3.1,4.67,6.53,1,0
1013727,35,3.1,3.2,4.37,7,0
225,31,3.1,3.59,4.78,0,0
4505,33,3.1,3.66,7.32,0,0
1003660,33,3.1,3.73,5.1,11,0
7608,31,3.1,3.74,6.49,1,0
279,32,3.1,3.97,7.05,7,0
1002695,32,3.1,2.9,4.42,8,0
4535,27,3.1,3.05,5.66,0,0
642,28,3.1,3.35,4.9,7,0
1012289,36,3.1,3.58,7.5,9,0
855,31,3.1,3.73,4.65,0,0
14168,32,3.1,3.84,9.45,2,0
199,33,3.1,3.88,6.64,3,0
14078,30,3.1,4.13,8.58,1,0
833,32,3.1,4.34,7.42,0,0
3886,31,3.1,4.37,7.02,1,0
67,34,3.1,4.65,3.7,8,0
1004234,20,3.1,2.88,3.24,10,0
1005992,32,3.1,3.32,5.26,0,0
7410,32,3.1,3.61,7.9,0,0
3283,32,3.1,3.71,6.6,0,0
4806,32,3.1,3.92,8.45,0,0
1010998,31,3.1,4.21,6.23,0,2
503,31,3.1,4.32,6.12,2,0
253,33,3.1,4.47,5.38,4,0
944,34,3.1,4.48,6.89,0,0
1013215,30,3.1,2.32,3.96,5,0
1012289,53,3.1,3.07,8.61,3,4
1001702,29,3.1,3.58,5.96,8,0
1012818,33,3.1,3.58,5.92,6,0
1703,32,3.1,4.02,6.35,2,0
1004001,26,3.1,2.8,9.51,3,0
14107,30,3.1,3.61,8.72,0,0
8586,28,3.1,3.75,6.4,0,0
1005172,31,3.1,3.99,3.99,4,0
13050,31,3.1,4.05,7.36,0,0
2586,31,3.1,4.58,7.78,1,0
1009122,33,3.1,4.71,4.48,12,0
106,29,3.1,5.07,6.67,3,0
1013331,30,3.1,3.73,5.41,4,0
46,36,3.1,4.29,5.46,1,0
1005333,31,3.1,4.82,5.4,6,0
328,31,3.1,3.08,5.42,2,0
1005333,22,3.1,4.11,7.41,0,0
1124,34,3.0,3.81,6.32,1,0
1091,33,3.0,3.43,5.11,1,0
1001566,38,3.0,3.55,5.34,6,0
1007323,34,3.0,3.0,6.69,7,0
7450,31,3.0,4.19,7.45,0,0
3543,28,3.0,2.33,6.22,1,0
1013750,33,3.0,3.0,5.88,1,0
11426,32,3.0,3.32,9.02,0,0
1277,31,3.0,3.38,6.06,3,0
1009583,35,3.0,3.61,5.53,4,0
1013750,36,3.0,3.64,5.8,4,0
7410,31,3.0,3.65,9.78,0,0
13743,33,3.0,4.02,9.4,1,0
1012734,36,3.0,4.29,5.92,10,0
1011937,32,3.0,3.26,5.52,13,0
750,31,3.0,3.48,6.49,2,0
1001033,29,3.0,4.17,4.63,2,0
3200,33,3.0,4.28,6.22,0,0
1012734,36,3.0,4.47,4.13,5,0
1009973,36,3.0,3.13,4.08,8,1
2717,32,3.0,3.43,5.67,3,0
1012745,34,3.0,3.86,4.26,1,0
1005799,32,3.0,3.9,5.38,7,0
1239,34,3.0,4.25,7.12,1,0
873,30,3.0,4.26,6.43,4,0
855,30,3.0,4.45,5.23,2,0
412,33,3.0,3.38,4.84,5,0
1013111,35,3.0,3.41,3.88,1,0
5867,30,3.0,3.45,9.49,0,0
200,30,3.0,3.51,8.04,2,0
1005136,29,3.0,3.52,3.37,4,0
944,35,3.0,3.86,6.74,0,0
9323,33,3.0,4.03,8.45,0,0
1008454,24,3.0,4.06,5.38,5,0
1012745,32,3.0,2.2,5.43,4,1
1128,32,3.0,3.45,5.43,0,0
5203,32,3.0,3.72,4.93,2,0
1013911,34,3.0,3.77,5.17,3,0
225,33,3.0,3.84,4.43,1,0
1131,33,3.0,4.19,6.26,2,0
1013494,33,3.0,4.45,4.37,9,0
666,33,3.0,4.5,10.0,2,0
1005333,35,3.0,5.41,6.54,4,0
2520,31,3.0,3.03,8.57,0,0
1011138,22,3.0,3.42,4.87,7,0
1005741,33,3.0,3.59,5.88,5,0
1005115,35,3.0,3.64,5.89,3,0
1005115,33,3.0,3.75,3.42,3,0
1703,34,3.0,3.87,6.45,4,0
1767,33,3.0,3.91,6.45,1,0
1007338,33,3.0,3.96,6.06,2,0
833,32,3.0,4.06,7.66,2,0
824,33,3.0,4.11,8.49,1,0
862,33,3.0,4.14,7.38,2,0
1131,29,3.0,4.4,8.63,0,0
1000789,34,3.0,4.44,5.82,5,0
837,27,3.0,4.59,7.21,1,0
976,34,3.0,3.23,6.72,0,0
11426,31,3.0,3.32,9.81,0,0
883,28,3.0,3.64,7.52,2,0
12664,33,3.0,3.65,7.62,0,0
1009970,35,3.0,3.65,7.3,2,0
1005799,27,3.0,3.76,6.83,4,0
3840,32,3.0,4.06,4.48,3,0
855,32,3.0,4.19,6.69,0,0
266,32,3.0,4.31,8.38,2,0
75,30,3.0,4.84,4.99,1,0
161,33,3.0,5.3,4.8,5,0
1003486,48,3.0,3.43,6.49,5,0
952,31,3.0,3.68,5.66,3,0
788,34,3.0,4.16,5.34,2,0
1003080,31,3.0,4.53,4.78,8,0
2717,31,3.0,4.59,5.46,0,0
9884,32,3.0,3.11,6.48,0,0
271,30,3.0,3.68,9.45,0,0
1000864,32,3.0,3.86,7.29,4,0
1005124,30,3.0,3.98,6.55,5,0
1007438,31,3.0,4.11,5.97,6,0
574,30,3.0,4.23,7.56,2,0
739,34,3.0,4.62,5.7,2,0
1000546,30,3.0,4.88,6.21,4,0
1010852,25,3.0,3.11,4.32,4,0
3254,33,3.0,4.34,9.01,2,0
6797,30,3.0,3.21,7.99,1,0
1012279,23,3.0,3.27,3.33,3,0
1001212,38,3.0,3.36,4.15,9,6
1007973,24,3.0,2.18,5.44,4,0
1012573,37,2.9,3.23,5.35,9,0
1003424,35,2.9,3.22,5.14,8,0
90,36,2.9,2.96,5.09,2,0
384,34,2.9,3.8,6.77,4,0
1008193,33,2.9,3.27,6.13,6,0
3580,33,2.9,3.39,7.97,0,0
1001098,36,2.9,4.01,7.12,16,0
833,34,2.9,4.09,8.09,0,0
921,33,2.9,3.22,6.61,1,0
666,34,2.9,3.39,7.88,0,0
18498,32,2.9,3.48,9.17,0,0
1005374,33,2.9,3.68,5.45,2,0
1653,36,2.9,4.01,6.28,8,0
1004133,37,2.9,4.12,4.58,12,0
1013435,37,2.9,4.51,7.0,7,0
1013727,28,2.9,2.84,4.14,7,0
1002996,34,2.9,3.26,5.1,2,0
1010246,34,2.9,3.36,4.11,8,0
253,28,2.9,3.49,5.58,2,0
150,33,2.9,3.57,6.22,1,0
90,32,2.9,3.82,5.95,0,0
1001111,34,2.9,4.0,6.17,3,0
397,34,2.9,4.28,5.91,1,0
7775,32,2.9,4.4,8.84,1,0
412,34,2.9,4.49,5.08,2,0
1009211,36,2.9,4.51,5.84,11,0
1006388,34,2.9,3.15,5.55,4,0
1013750,32,2.9,3.29,5.94,3,0
1124,33,2.9,3.61,5.75,2,0
1008473,33,2.9,3.82,7.24,4,0
305,30,2.9,3.91,6.2,1,0
271,32,2.9,4.11,7.63,2,0
1000122,35,2.9,4.2,4.43,7,0
1001111,33,2.9,4.7,7.21,7,0
3283,32,2.9,3.07,7.17,0,0
1005172,25,2.9,3.27,3.77,7,0
1003453,27,2.9,3.32,6.32,6,0
2060,34,2.9,3.72,5.36,0,0
3273,33,2.9,3.77,5.31,4,0
384,25,2.9,4.23,8.51,3,0
2717,32,2.9,4.32,7.22,1,0
4930,32,2.9,4.33,8.97,1,0
1006473,33,2.9,4.42,4.53,2,0
1006114,34,2.9,4.47,4.81,11,0
8362,31,2.9,4.57,8.21,0,0
743,33,2.9,4.86,7.2,0,0
1010185,27,2.9,2.44,6.27,4,0
1003473,23,2.9,2.84,6.61,6,0
1008700,34,2.9,2.93,5.9,7,1
665,29,2.9,3.25,5.46,7,0
1011422,32,2.9,3.46,6.35,7,0
3542,42,2.9,3.51,9.42,1,0
1003660,30,2.9,4.28,5.51,8,0
1064,32,2.9,5.27,6.3,1,0
13781,35,2.9,2.78,8.91,1,0
1012532,25,2.9,3.19,4.36,11,0
1006295,32,2.9,3.2,5.57,4,1
1507,29,2.9,3.35,8.6,0,0
301,27,2.9,3.67,10.15,1,0
1005160,30,2.9,3.7,6.84,6,0
1010958,33,2.9,3.79,8.02,4,1
1003210,33,2.9,3.82,4.8,6,0
1131,33,2.9,4.07,6.63,0,0
1310,33,2.9,4.13,5.59,1,0
1190,31,2.9,4.18,6.22,0,0
976,32,2.9,4.36,6.98,1,0
46,34,2.9,4.58,4.8,3,0
9346,30,2.9,4.72,10.19,0,0
6345,32,2.9,3.33,8.0,0,0
1144,32,2.9,3.6,6.55,2,0
10130,31,2.9,3.92,6.29,0,0
1285,34,2.9,4.18,7.33,0,0
90,33,2.9,4.28,5.42,1,0
1007185,34,2.9,4.43,5.71,3,0
1310,34,2.9,4.56,6.19,1,1
961,34,2.9,4.92,5.09,3,0
6397,28,2.9,3.35,7.97,0,0
1007973,27,2.9,3.54,5.34,4,0
6345,33,2.9,4.02,10.42,0,0
15423,30,2.9,4.15,9.0,1,0
1012824,29,2.9,4.49,7.97,0,0
1006515,35,2.9,4.49,4.13,0,0
13074,12,2.9,2.01,11.01,0,0
279,21,2.9,2.99,7.72,1,0
1004207,35,2.9,3.61,4.52,0,0
6329,27,2.9,4.33,7.13,2,0
1116,30,2.9,4.64,6.49,2,0
668,31,2.9,3.25,5.87,0,0
1003168,30,2.9,3.74,7.16,5,0
1005983,32,2.9,4.66,6.31,0,1
7410,32,2.8,3.18,7.52,0,0
305,34,2.8,3.95,7.36,1,0
1007988,39,2.8,3.48,3.61,6,0
8700,30,2.8,3.63,6.0,1,0
790,32,2.8,3.75,4.76,7,0
6283,34,2.8,4.08,5.36,0,0
12703,32,2.8,4.19,10.0,0,0
1005992,34,2.8,3.03,3.12,6,0
1292,35,2.8,3.22,6.86,1,0
568,32,2.8,3.4,7.77,1,0
1006885,34,2.8,3.43,5.98,1,0
4676,30,2.8,3.13,10.83,0,0
13048,28,2.8,3.52,7.74,0,0
1007031,37,2.8,3.55,4.89,4,0
9784,32,2.8,3.65,7.64,1,0
5203,34,2.8,3.66,4.99,0,1
739,33,2.8,3.78,5.36,0,0
1002255,34,2.8,3.91,4.0,11,0
375,31,2.8,4.09,6.72,0,0
1006885,35,2.8,3.0,3.6,3,0
1008161,25,2.8,3.32,4.42,9,0
3815,33,2.8,3.48,7.95,2,0
837,25,2.8,4.46,6.28,3,0
748,33,2.8,4.49,5.09,3,0
739,33,2.8,4.61,5.82,2,0
1012015,33,2.8,5.06,5.44,5,0
1003486,34,2.8,2.93,4.4,7,0
1005013,36,2.8,3.38,6.67,3,0
1014368,29,2.8,3.45,5.27,5,0
299,30,2.8,3.53,6.07,2,0
6204,33,2.8,3.54,7.09,0,0
6986,33,2.8,3.63,9.27,0,0
8173,30,2.8,3.73,9.89,1,0
1013750,31,2.8,3.78,6.35,3,0
179,32,2.8,3.84,5.08,3,0
8591,31,2.8,3.94,6.23,2,0
512,33,2.8,4.04,8.48,1,0
12917,28,2.8,4.24,8.06,1,0
250,33,2.8,4.28,5.34,0,0
4930,31,2.8,4.46,8.65,0,0
2233,33,2.8,4.62,7.29,1,0
8753,32,2.8,4.67,8.24,0,0
1013939,24,2.8,3.03,4.27,8,0
1001123,32,2.8,3.42,3.93,4,0
1193,24,2.8,3.45,6.01,2,0
1451,33,2.8,3.57,7.09,0,0
1005136,34,2.8,3.57,5.89,6,0
199,35,2.8,3.61,5.92,2,0
1701,33,2.8,3.72,7.35,0,0
2586,34,2.8,3.76,6.08,0,0
1009756,33,2.8,3.99,5.69,8,0
1292,33,2.8,4.37,6.99,1,0
282,34,2.8,5.59,7.14,4,0
1002996,48,2.8,2.21,6.03,3,2
1005124,23,2.8,2.76,7.37,0,0
1245,27,2.8,2.84,5.37,2,0
13071,31,2.8,3.34,7.2,0,0
1172,27,2.8,3.76,6.27,5,0
1001381,32,2.8,3.82,5.2,6,0
10123,32,2.8,3.84,6.7,1,0
404,30,2.8,4.12,6.65,1,0
748,35,2.8,4.46,5.74,3,0
7448,32,2.8,4.57,8.68,0,0
1244,34,2.8,4.91,7.04,1,0
2038,34,2.8,4.93,6.94,1,0
1667,28,2.8,5.01,7.49,0,0
613,35,2.8,3.77,4.93,2,0
67,32,2.8,4.03,4.81,1,0
2646,32,2.8,4.3,7.33,0,0
1005162,33,2.8,4.35,7.17,2,0
1000012,33,2.8,4.51,4.46,4,0
1005124,29,2.8,4.51,5.84,5,0
633,32,2.8,4.53,4.44,4,0
1001212,29,2.8,3.45,6.52,3,1
1217,27,2.8,3.66,6.49,1,0
1010852,35,2.8,3.96,5.22,4,0
1011563,29,2.8,4.38,7.58,2,1
1004898,34,2.8,4.74,6.16,6,0
1013111,31,2.8,2.98,5.35,4,0
1006295,34,2.8,3.84,4.34,0,0
1010210,23,2.8,3.94,3.58,3,0
3340,32,2.8,3.95,8.38,0,0
3830,32,2.8,4.42,6.56,1,0
1013055,35,2.8,3.97,5.53,3,0
625,30,2.8,4.41,4.93,2,0
1003168,32,2.8,4.43,8.08,0,0
15454,33,2.8,4.77,10.32,0,0
3840,31,2.8,4.82,4.23,1,0
7775,29,2.7,2.9,8.27,0,0
4772,31,2.7,3.53,8.52,2,0
1012532,33,2.7,3.35,4.4,3,0
8173,33,2.7,3.52,8.99,1,0
13183,33,2.7,3.9,5.83,0,0
404,33,2.7,4.39,8.53,0,0
1013911,33,2.7,2.66,4.64,5,0
1011422,33,2.7,3.11,5.32,7,0
3200,33,2.7,3.28,7.11,5,0
5524,32,2.7,3.37,8.25,2,0
2047,30,2.7,3.49,6.01,0,0
475,33,2.7,3.7,6.52,3,0
13048,33,2.7,4.12,6.65,0,0
3,34,2.7,5.17,5.64,1,0
1003228,34,2.7,2.91,6.1,6,0
1193,31,2.7,2.95,6.72,1,0
1943,33,2.7,3.21,8.62,0,0
1006050,34,2.7,3.32,6.21,10,0
1514,29,2.7,3.56,8.85,0,0
34,34,2.7,3.6,4.77,2,0
1012181,36,2.7,3.68,5.14,10,0
1001566,35,2.7,3.8,3.91,2,0
1004133,36,2.7,3.97,3.93,11,0
1009771,32,2.7,4.16,3.72,4,0
1008383,22,2.7,2.33,4.41,16,0
1009211,25,2.7,3.05,4.41,15,0
16977,31,2.7,3.11,6.64,1,0
1002989,33,2.7,3.52,6.34,4,0
150,37,2.7,3.59,6.38,1,0
964,32,2.7,3.62,5.74,1,0
637,31,2.7,3.8,5.77,4,0
1006222,32,2.7,3.85,5.42,6,0
1172,31,2.7,4.11,5.47,2,0
569,33,2.7,4.61,5.43,2,0
1005160,25,2.7,3.08,6.63,5,0
1006885,33,2.7,3.53,4.86,4,0
3990,34,2.7,3.55,6.96,1,0
1014109,44,2.7,3.56,6.19,2,0
1013281,38,2.7,3.66,5.58,2,2
6329,32,2.7,3.77,6.69,1,0
1277,33,2.7,3.84,4.57,2,0
11855,28,2.7,4.08,8.6,0,0
633,32,2.7,4.19,4.85,3,0
1007431,35,2.7,4.31,4.8,7,0
7531,33,2.7,4.34,8.63,1,0
75,33,2.7,4.34,5.1,4,0
10123,31,2.7,4.47,5.37,0,0
1012824,34,2.7,4.59,5.99,1,0
824,35,2.7,5.35,6.04,0,0
517,28,2.7,3.38,7.96,0,0
1011168,33,2.7,3.76,3.41,8,0
1006388,29,2.7,3.77,5.86,12,0
13781,32,2.7,3.84,6.6,0,0
1010179,33,2.7,3.88,4.79,8,0
5842,33,2.7,4.03,8.21,0,0
1008382,34,2.7,4.18,4.69,0,0
1012924,35,2.7,4.24,3.29,8,0
1116,33,2.7,4.38,5.58,5,0
76,34,2.7,4.4,5.66,3,0
1006885,30,2.7,4.68,6.17,0,0
926,34,2.7,4.9,5.37,5,0
179,32,2.7,5.15,5.3,1,0
1005150,23,2.7,2.72,3.19,12,0
219,45,2.7,2.81,7.38,0,3
1013435,29,2.7,3.14,4.46,2,0
180,29,2.7,3.21,6.46,2,0
840,30,2.7,3.74,6.22,1,0
7541,32,2.7,3.76,6.51,1,0
1003473,29,2.7,3.88,6.12,1,0
1005969,28,2.7,4.03,5.74,3,0
1056,32,2.7,4.04,5.01,2,0
8779,32,2.7,4.46,6.83,1,0
823,29,2.7,4.66,9.09,1,0
1001762,34,2.7,4.98,3.99,8,0
1012788,30,2.7,2.08,4.21,3,1
1011061,51,2.7,2.45,6.22,3,6
8782,31,2.7,3.09,6.58,1,0
12768,27,2.7,3.55,8.48,1,0
573,33,2.7,3.68,5.93,0,0
1002570,32,2.7,3.89,5.64,3,0
1008855,31,2.7,4.01,5.28,3,0
1005115,29,2.7,4.05,5.29,4,0
9492,32,2.7,4.18,7.49,0,0
1039,30,2.7,4.19,5.84,3,0
8044,32,2.7,4.25,5.87,4,0
1010887,35,2.7,4.47,5.4,2,0
1007031,22,2.7,2.18,4.31,6,0
1118,29,2.7,3.48,8.44,0,0
3254,28,2.7,3.81,9.27,1,0
16137,28,2.7,4.04,9.16,0,0
3137,30,2.7,4.12,9.19,0,0
1011422,37,2.7,4.19,6.58,1,1
1003993,34,2.7,4.51,6.81,2,0
1014174,33,2.7,4.54,5.03,5,0
253,31,2.7,4.81,5.97,1,0
574,33,2.7,3.05,7.98,1,0
1245,33,2.7,3.28,5.78,1,0
147,33,2.7,5.13,5.72,2,0
1001911,30,2.7,3.5,6.67,1,0
1005115,22,2.7,4.5,4.08,0,0
1011691,33,2.6,3.1,6.76,9,0
1000945,35,2.6,3.32,5.44,6,0
1706,35,2.6,3.38,5.86,3,0
2520,35,2.6,3.78,9.2,0,0
1002989,34,2.6,3.25,6.02,7,0
1259,33,2.6,4.66,6.24,2,0
219,27,2.6,2.95,5.48,6,0
104,33,2.6,4.02,6.39,2,0
58,35,2.6,4.48,6.06,0,0
4930,31,2.6,3.47,8.55,0,0
75,34,2.6,3.78,4.77,1,0
517,34,2.6,3.85,8.69,1,0
1011355,31,2.6,3.96,5.14,0,0
1005686,32,2.6,4.12,4.58,2,0
1010853,34,2.6,2.92,3.55,5,0
11855,31,2.6,3.2,7.82,0,0
6797,30,2.6,3.2,8.24,0,0
1013911,31,2.6,3.24,4.9,1,0
862,31,2.6,3.57,5.89,3,0
1010185,30,2.6,3.74,6.17,4,0
1007476,32,2.6,3.76,4.77,1,0
430,31,2.6,3.84,5.21,1,0
3,32,2.6,3.92,6.31,0,0
973,33,2.6,4.21,3.37,1,0
1003948,31,2.6,4.24,3.94,4,0
1000122,34,2.6,4.32,4.95,5,0
574,28,2.6,4.34,5.03,3,0
840,31,2.6,4.7,5.68,0,0
7872,31,2.6,2.81,8.97,2,0
8173,33,2.6,3.42,5.91,0,0
926,29,2.6,3.59,5.65,1,0
3580,34,2.6,3.83,7.7,0,0
60,33,2.6,3.98,10.19,2,0
1005415,34,2.6,4.0,5.71,1,0
973,33,2.6,4.19,3.97,2,0
837,30,2.6,4.41,7.11,2,0
271,32,2.6,4.57,6.88,1,0
15764,30,2.6,4.74,9.79,1,0
6893,31,2.6,3.64,6.69,1,0
1006222,33,2.6,4.09,4.9,6,0
3374,32,2.6,4.11,8.22,0,0
1005281,29,2.6,4.11,5.25,4,0
12703,35,2.6,4.26,7.96,1,0
976,33,2.6,4.3,7.66,1,0
633,34,2.6,4.62,4.96,1,0
1012941,30,2.6,3.25,3.53,3,0
90,33,2.6,3.6,4.62,1,0
1012084,24,2.6,3.86,6.35,1,0
1434,31,2.6,4.04,7.25,0,0
1004234,31,2.6,4.06,3.32,11,0
750,30,2.6,4.11,5.92,0,0
1003210,27,2.6,4.2,6.04,2,0
1508,33,2.6,4.31,4.48,2,0
10732,32,2.6,4.48,8.97,1,0
14107,34,2.6,4.68,8.63,0,0
1008714,20,2.6,3.08,4.08,4,0
10123,32,2.6,3.62,8.19,0,0
833,30,2.6,3.62,7.71,1,0
1116,33,2.6,3.66,4.85,2,0
1013055,35,2.6,3.92,4.05,5,0
4662,32,2.6,4.05,7.88,1,0
1003473,31,2.6,4.77,6.96,2,0
517,34,2.6,4.8,8.5,0,0
1118,33,2.6,4.98,8.52,0,0
512,26,2.6,3.18,7.85,0,0
1005827,28,2.6,3.23,4.41,2,0
862,35,2.6,3.44,5.53,0,0
1002996,33,2.6,3.59,6.16,3,0
1008221,36,2.6,3.61,5.52,4,0
13050,31,2.6,3.89,9.02,0,0
404,30,2.6,3.91,7.61,0,0
1010183,22,2.6,4.1,6.48,1,0
67,31,2.6,4.78,5.72,1,0
1013134,36,2.6,5.08,4.21,6,0
287,29,2.6,4.11,7.26,2,1
1007531,33,2.6,4.44,5.33,5,0
147,33,2.6,4.54,3.99,1,0
396,33,2.6,5.82,6.02,2,0
1692,35,2.6,3.59,7.1,1,0
1011708,28,2.6,4.03,5.26,2,0
1012818,30,2.6,4.21,4.03,7,0
1004133,29,2.6,4.24,5.02,2,0
1007031,35,2.6,3.19,5.54,4,0
13074,31,2.6,3.98,11.54,0,0
12703,11,2.6,1.73,12.33,2,0
10954,12,2.6,2.38,13.76,0,0
1012289,33,2.5,3.53,7.02,13,0
1091,33,2.5,3.71,5.64,0,0
5279,30,2.5,3.77,7.33,0,0
1010887,30,2.5,3.86,5.3,4,0
1005741,26,2.5,3.87,5.97,1,0
976,33,2.5,4.23,7.96,2,0
1014170,33,2.5,5.41,7.08,2,0
3403,32,2.5,2.92,7.12,4,0
1002989,33,2.5,3.66,4.32,4,0
855,40,2.5,3.72,4.81,2,1
441,34,2.5,4.52,6.29,1,0
1003473,35,2.5,2.8,4.53,8,0
1094,37,2.5,3.24,6.3,2,0
4153,30,2.5,3.53,8.71,0,0
179,33,2.5,3.79,5.21,2,1
1507,31,2.5,3.82,7.45,1,0
375,33,2.5,4.16,6.29,1,0
1002388,37,2.5,4.46,4.42,4,0
10587,32,2.5,4.79,6.68,1,0
1009594,34,2.5,4.88,7.5,3,0
4424,30,2.5,3.4,7.33,0,0
8362,33,2.5,3.68,7.27,2,0
1013435,35,2.5,3.97,5.14,3,0
1012532,33,2.5,4.09,5.59,3,0
1091,32,2.5,4.28,4.59,1,0
1277,33,2.5,4.57,5.35,0,0
665,33,2.5,4.66,3.82,3,0
647,30,2.5,4.79,7.05,1,0
921,35,2.5,4.86,5.81,2,0
5669,30,2.5,2.65,5.34,3,0
1007319,24,2.5,2.99,3.87,18,0
1013215,32,2.5,3.27,4.97,6,0
1013461,32,2.5,3.4,5.34,7,1
282,32,2.5,3.73,8.06,6,0
1000012,29,2.5,3.92,5.71,4,0
4529,31,2.5,4.04,8.27,0,0
1000010,31,2.5,4.1,3.27,7,0
1007438,33,2.5,4.21,5.26,3,0
1000864,32,2.5,4.45,7.27,0,0
6176,29,2.5,4.49,7.82,0,0
1014170,31,2.5,5.14,7.69,5,0
1009431,32,2.5,3.32,6.0,1,0
3200,33,2.5,3.38,7.01,4,0
4593,37,2.5,3.71,5.87,1,0
1005162,33,2.5,3.74,6.98,2,0
40,30,2.5,3.77,5.87,1,0
299,34,2.5,3.77,5.23,0,0
1000325,32,2.5,3.78,4.6,1,0
1005415,53,2.5,3.85,6.61,1,2
13183,28,2.5,3.97,7.44,0,0
5842,32,2.5,4.21,7.28,1,0
1004233,33,2.5,4.32,4.47,2,0
1011294,35,2.5,4.35,4.09,3,0
1064,28,2.5,4.42,6.76,0,0
1277,24,2.5,4.46,6.45,6,0
67,37,2.5,4.53,4.83,9,1
1009594,35,2.5,4.92,5.65,4,0
1010853,22,2.5,2.3,3.01,8,0
6562,27,2.5,2.87,8.06,0,0
1012409,52,2.5,3.39,3.65,5,14
1507,29,2.5,3.52,7.65,2,0
1000516,28,2.5,3.54,5.01,6,0
1002996,33,2.5,3.77,5.25,0,0
1007501,30,2.5,3.82,5.93,7,0
1010246,27,2.5,3.94,4.81,4,0
1005992,30,2.5,3.94,3.5,9,0
633,34,2.5,4.37,4.95,1,0
1131,32,2.5,4.6,6.52,2,0
4849,31,2.5,4.71,7.82,2,0
1000516,34,2.5,4.87,8.46,4,0
1172,32,2.5,4.89,4.62,3,0
145,30,2.5,5.11,6.05,2,0
3200,32,2.5,3.24,6.87,0,0
1014410,29,2.5,3.33,3.59,11,0
1011450,35,2.5,3.39,4.43,4,1
1005969,33,2.5,3.67,4.94,6,0
1005374,34,2.5,3.7,7.14,0,0
1029,31,2.5,4.08,7.18,1,0
10130,30,2.5,4.69,6.37,0,0
1011192,33,2.5,4.69,5.71,2,0
1006134,26,2.5,3.35,5.37,3,0
3340,27,2.5,3.64,6.94,1,0
1706,24,2.5,4.04,7.24,1,0
4535,32,2.5,4.26,6.67,0,0
1007727,29,2.5,4.37,3.83,5,1
1217,30,2.5,4.53,4.99,5,0
898,34,2.5,5.56,6.52,4,0
1001911,23,2.5,4.12,6.0,5,0
6397,32,2.5,4.49,8.87,0,0
1706,29,2.5,4.67,7.32,3,0
2038,34,2.5,4.7,7.0,1,0
17186,12,2.5,2.09,12.13,0,0
1013461,30,2.4,3.34,4.23,9,0
1144,36,2.4,3.83,6.25,3,1
1010852,32,2.4,2.94,4.8,2,0
282,49,2.4,3.64,8.45,1,1
2717,33,2.4,4.28,8.94,1,0
1010719,36,2.4,4.39,4.82,4,0
932,33,2.4,4.43,5.58,5,0
199,33,2.4,4.47,4.87,1,0
1010703,31,2.4,3.43,4.93,7,0
3184,30,2.4,3.58,9.05,1,0
1001279,30,2.4,3.78,5.42,10,0
1003473,33,2.4,3.08,5.21,3,0
9417,32,2.4,3.11,7.17,0,0
375,34,2.4,3.43,6.01,0,0
1163,32,2.4,3.51,7.39,4,0
1116,35,2.4,3.98,5.37,2,0
883,30,2.4,3.99,6.92,1,0
6986,33,2.4,4.02,8.08,1,0
2660,28,2.4,4.22,6.1,0,0
1010087,34,2.4,5.19,5.69,7,0
1012346,34,2.4,4.15,2.34,4,0
503,34,2.4,4.22,6.31,3,0
978,35,2.4,4.51,4.38,0,0
8137,28,2.4,2.7,7.27,1,0
1007367,32,2.4,3.14,4.18,7,0
1008546,24,2.4,3.26,4.61,8,0
1004133,34,2.4,3.53,4.57,10,0
1001007,32,2.4,3.57,4.62,5,0
6249,32,2.4,3.78,7.02,2,0
1004234,37,2.4,3.87,2.88,12,0
328,34,2.4,4.27,6.09,0,0
3403,29,2.4,4.3,7.13,0,0
1006703,32,2.4,4.86,5.25,3,0
1004234,32,2.4,3.2,3.4,6,0
1008382,29,2.4,3.25,4.03,2,0
5089,27,2.4,3.54,4.68,1,0
642,26,2.4,3.6,4.4,6,0
1013939,29,2.4,3.62,5.2,9,0
1012279,35,2.4,3.68,2.48,8,1
1005088,33,2.4,3.69,6.29,5,0
1012104,31,2.4,3.85,4.26,3,0
1013727,34,2.4,4.24,4.08,7,0
823,29,2.4,4.51,6.49,3,0
14916,31,2.4,5.12,9.56,0,0
10310,32,2.4,3.54,9.08,1,0
1008237,32,2.4,3.73,4.92,2,0
1890,31,2.4,3.81,8.88,0,0
2072,32,2.4,3.83,5.12,0,0
1003424,34,2.4,3.84,4.99,3,0
3284,30,2.4,3.85,7.27,0,0
1003993,24,2.4,3.86,6.45,4,0
1003168,33,2.4,4.02,6.68,2,0
4270,33,2.4,4.03,4.29,3,0
1003424,31,2.4,4.17,4.85,7,0
1080,38,2.4,4.22,5.28,1,0
15038,29,2.4,4.39,8.17,0,0
1029,33,2.4,4.61,6.91,0,0
1255,32,2.4,4.84,7.07,2,0
1667,33,2.4,4.89,8.22,2,0
873,32,2.4,4.92,7.05,1,0
1009465,35,2.4,5.33,4.79,5,0
1001702,24,2.4,2.64,6.2,5,0
180,33,2.4,3.46,5.92,0,0
1006703,32,2.4,4.47,5.54,1,0
1013197,34,2.4,4.65,4.0,1,0
16400,33,2.4,5.38,8.27,1,0
1660,32,2.4,5.57,5.38,2,0
665,33,2.4,3.34,3.74,6,0
4424,30,2.4,3.4,6.62,0,0
1011708,34,2.4,3.55,5.26,5,0
92,25,2.4,3.8,7.04,3,0
9803,32,2.4,4.16,7.04,1,0
384,31,2.4,4.16,5.13,2,0
1007988,39,2.4,4.21,4.6,5,0
790,33,2.4,4.3,4.14,3,0
9434,26,2.4,4.55,7.71,1,0
1005088,31,2.4,4.57,6.12,2,0
499,33,2.4,4.63,4.28,3,0
4930,33,2.4,4.82,7.28,3,0
287,27,2.4,4.93,5.36,2,0
34,22,2.4,3.83,6.59,2,0
1014170,22,2.4,3.92,7.64,13,0
1010048,31,2.4,3.97,4.49,3,0
569,32,2.4,4.0,7.3,1,0
1283,31,2.4,4.18,4.68,1,0
104,33,2.4,4.22,4.55,0,0
898,34,2.4,4.8,4.93,3,0
1837,30,2.4,5.32,6.33,1,0
1007338,31,2.4,3.57,5.31,2,0
4141,36,2.4,3.57,8.88,0,0
7754,31,2.4,3.69,8.98,1,0
179,25,2.4,3.62,4.8,0,0
1008310,27,2.4,4.14,4.81,4,1
1010183,25,2.4,5.19,8.17,0,0
15689,12,2.4,3.21,11.44,1,0
1001226,31,2.3,3.97,5.86,0,0
4366,31,2.3,3.41,4.68,1,0
1007715,34,2.3,3.13,5.8,4,0
1005827,23,2.3,3.32,4.95,2,0
13071,31,2.3,3.54,6.59,0,0
1000516,34,2.3,3.58,4.88,11,0
1007423,30,2.3,2.89,4.93,8,0
2608,35,2.3,3.5,7.29,0,0
1001911,31,2.3,3.65,5.7,3,0
3137,33,2.3,4.43,8.03,0,0
14862,33,2.3,4.74,9.34,0,0
978,34,2.3,4.77,7.34,1,0
10130,31,2.3,3.37,5.71,0,0
75,34,2.3,3.87,7.82,5,0
1013327,34,2.3,3.98,6.81,12,0
1636,33,2.3,4.4,5.79,1,0
962,32,2.3,4.43,6.67,1,0
206,30,2.3,4.66,5.8,1,0
2717,31,2.3,4.75,5.14,0,0
1080,30,2.3,5.08,4.7,1,0
1298,33,2.3,5.69,6.67,1,0
5279,34,2.3,3.34,6.51,1,0
1010853,32,2.3,3.44,3.58,2,0
976,33,2.3,3.69,5.68,0,0
1007431,35,2.3,3.89,5.42,6,0
2608,32,2.3,3.89,7.64,0,0
27,32,2.3,4.36,5.82,2,0
1011330,32,2.3,4.38,4.87,5,0
1005568,32,2.3,4.52,4.89,3,0
1116,34,2.3,5.24,5.48,2,0
1039,24,2.3,3.15,4.5,1,0
1007423,27,2.3,3.24,5.83,4,0
1012,33,2.3,3.58,6.08,1,0
5718,27,2.3,3.87,4.2,1,0
1012818,32,2.3,4.16,5.69,3,0
1994,32,2.3,4.17,7.06,3,1
179,36,2.3,4.18,5.7,3,0
11486,33,2.3,4.34,12.13,0,0
3830,31,2.3,4.48,5.89,3,0
926,31,2.3,5.75,5.23,2,0
430,32,2.3,3.36,5.83,1,0
2608,31,2.3,3.62,6.96,2,0
10130,33,2.3,3.7,6.89,0,0
8044,30,2.3,3.71,6.16,1,0
10314,34,2.3,3.75,6.94,0,0
1239,34,2.3,3.83,6.83,0,0
1292,34,2.3,4.09,6.55,3,0
1478,29,2.3,4.32,7.71,0,0
1000012,32,2.3,4.37,4.0,4,0
3254,32,2.3,4.96,6.86,2,0
1001161,24,2.3,3.43,3.01,4,0
2072,30,2.3,3.63,5.66,1,0
1005741,33,2.3,3.67,5.55,1,0
4538,31,2.3,3.74,9.07,0,0
512,25,2.3,3.75,9.56,2,0
14107,31,2.3,3.92,7.25,0,0
10130,31,2.3,4.36,5.77,0,0
4279,32,2.3,4.39,7.97,0,0
6902,33,2.3,4.39,4.67,0,0
1002989,25,2.3,4.5,6.08,4,0
1172,33,2.3,4.98,5.07,2,0
430,24,2.3,3.35,6.87,0,0
40,28,2.3,3.78,5.11,1,0
453,30,2.3,4.71,5.3,0,0
102,33,2.3,4.81,5.95,3,0
977,34,2.3,5.1,3.88,1,0
441,30,2.3,5.38,7.33,0,0
1007438,33,2.3,3.52,5.35,2,0
375,29,2.3,4.0,7.39,1,0
1485,32,2.3,4.34,6.44,1,0
1056,33,2.3,4.48,5.38,3,1
1012824,30,2.3,5.01,6.9,2,0
4538,32,2.3,5.29,7.24,0,0
1007284,27,2.3,2.41,5.03,3,0
4897,31,2.3,3.1,7.62,0,0
2072,32,2.3,3.7,6.31,0,0
16400,32,2.3,3.91,7.2,0,0
1472,30,2.3,4.04,3.82,2,0
2227,31,2.3,5.42,7.39,0,0
1009826,27,2.3,2.65,4.37,2,0
18684,32,2.3,3.88,6.89,2,0
1451,26,2.3,4.21,7.87,2,0
5203,30,2.3,4.26,4.7,0,0
435,29,2.3,5.85,6.24,2,0
15038,13,2.3,3.75,8.04,0,0
145,34,2.2,3.87,5.08,3,0
1701,35,2.2,3.99,7.23,0,0
14078,30,2.2,3.37,7.59,0,0
1008193,30,2.2,3.66,6.02,4,0
3886,33,2.2,3.84,6.32,1,0
1009211,37,2.2,4.06,4.56,17,0
1002989,36,2.2,2.9,6.06,4,0
1006858,34,2.2,2.92,4.36,20,0
944,34,2.2,3.83,6.15,0,0
46,33,2.2,4.29,6.2,0,0
1185,32,2.2,4.49,5.53,3,0
1008161,34,2.2,2.72,4.59,9,0
1012745,34,2.2,3.74,5.04,3,0
1005764,31,2.2,3.96,3.86,1,0
1001098,37,2.2,4.01,6.61,8,0
145,33,2.2,4.72,5.46,1,0
517,34,2.2,4.94,7.28,2,0
1004233,33,2.2,3.25,4.07,3,0
739,30,2.2,3.39,5.3,1,0
1010700,28,2.2,3.44,5.49,3,0
1008855,37,2.2,3.74,4.19,3,0
3551,33,2.2,3.75,6.83,1,0
1002296,32,2.2,3.82,5.4,3,0
1005115,29,2.2,4.06,5.02,0,0
179,30,2.2,4.3,6.02,4,0
1003358,32,2.2,4.44,3.07,3,0
1005160,37,2.2,4.67,6.18,6,0
199,33,2.2,5.42,5.17,0,0
1003570,23,2.2,3.03,3.97,5,0
7507,34,2.2,3.07,9.54,0,0
1005969,30,2.2,3.69,4.98,5,0
1620,32,2.2,3.84,5.91,1,0
1244,33,2.2,4.25,6.73,0,0
6902,32,2.2,4.82,5.59,0,0
206,33,2.2,5.04,4.39,1,0
1011106,38,2.2,5.05,4.79,3,2
1012084,28,2.2,2.81,5.39,8,0
4849,33,2.2,3.53,5.19,2,0
6562,29,2.2,3.66,6.42,0,0
978,32,2.2,3.74,5.75,1,0
3254,32,2.2,3.81,7.39,1,0
6283,30,2.2,3.86,6.54,2,0
833,33,2.2,3.97,7.38,0,0
13071,32,2.2,4.02,7.19,0,0
225,33,2.2,4.15,6.14,1,0
1012279,36,2.2,4.24,3.07,8,0
1005160,30,2.2,4.34,7.68,2,0
668,30,2.2,4.52,6.85,0,0
232,33,2.2,4.58,5.23,1,0
1277,30,2.2,4.68,4.63,2,0
1008382,30,2.2,4.7,4.84,6,0
434,32,2.2,5.11,5.91,1,0
4635,33,2.2,5.12,6.47,0,0
8782,28,2.2,3.4,4.64,0,0
3196,31,2.2,3.46,8.23,0,0
1000865,31,2.2,3.48,6.31,2,0
1011330,33,2.2,3.79,5.07,8,0
1002695,31,2.2,3.88,4.56,2,0
1283,27,2.2,3.98,6.31,2,0
1010460,31,2.2,4.01,4.76,1,0
1994,31,2.2,4.14,6.3,2,0
282,24,2.2,4.35,7.3,0,0
92,32,2.2,4.66,5.09,1,0
6943,31,2.2,4.68,5.82,0,0
1001279,31,2.2,2.93,5.33,3,0
1003210,19,2.2,3.15,5.81,6,0
1451,31,2.2,3.61,6.56,0,0
6570,32,2.2,3.81,7.2,0,0
1006681,30,2.2,4.01,5.47,0,0
7448,32,2.2,4.21,7.79,0,0
15689,31,2.2,4.3,8.75,0,0
367,39,2.2,4.41,7.08,1,6
317,34,2.2,4.48,5.62,1,0
1574,32,2.2,4.81,4.27,2,0
1012824,33,2.2,4.96,6.18,3,0
174,32,2.2,5.63,6.46,0,0
1009582,24,2.2,2.82,4.17,5,0
1011422,22,2.2,2.95,5.05,4,0
1000864,21,2.2,3.5,7.57,5,0
4972,32,2.2,3.78,8.87,1,0
219,45,2.2,3.9,7.9,0,3
1283,32,2.2,3.98,6.33,2,0
748,31,2.2,4.04,5.25,3,0
1006134,30,2.2,4.04,4.87,1,0
1006050,34,2.2,4.27,5.55,0,0
5508,29,2.2,4.34,6.32,1,0
8753,31,2.2,4.34,7.29,0,0
15440,31,2.2,4.39,8.4,0,0
1010700,31,2.2,5.9,5.48,0,0
1004133,30,2.2,3.93,2.46,1,0
1011192,38,2.2,4.69,6.96,2,1
3551,32,2.2,4.79,6.89,2,0
1841,31,2.2,4.98,6.93,0,0
317,34,2.2,5.07,5.79,0,0
137,23,2.2,5.44,6.5,2,0
15734,28,2.2,4.19,6.64,0,0
348,36,2.2,5.29,4.75,0,0
1006681,28,2.2,4.36,4.21,4,0
1007649,32,2.2,5.22,5.22,3,0
1005281,29,2.2,3.74,5.27,1,0
1943,12,2.2,4.03,9.0,0,0
1012824,35,2.1,4.85,5.59,2,0
1000490,35,2.1,3.43,2.59,4,0
1277,34,2.1,3.84,4.37,0,0
3200,33,2.1,3.92,6.83,4,0
1003080,33,2.1,3.7,5.67,1,0
434,32,2.1,4.52,6.17,0,0
10197,31,2.1,3.06,8.77,1,0
1012818,35,2.1,3.25,5.15,9,0
1004233,36,2.1,3.48,2.67,6,1
3340,33,2.1,3.91,6.6,3,1
1008546,30,2.1,3.94,3.07,10,0
329,34,2.1,4.12,5.77,0,0
833,32,2.1,4.31,7.93,0,0
743,35,2.1,4.32,6.4,2,0
1013750,23,2.1,2.31,5.16,8,0
1267,32,2.1,3.37,7.78,2,0
2233,31,2.1,4.19,8.02,0,0
1012818,32,2.1,4.21,5.63,2,0
1259,32,2.1,4.4,7.59,2,0
404,32,2.1,4.78,7.46,2,0
1007988,39,2.1,4.88,5.19,7,0
1013215,30,2.1,2.92,4.4,3,0
7059,34,2.1,5.18,8.28,0,0
1009756,31,2.1,3.18,5.7,2,0
1005363,27,2.1,3.26,4.87,2,0
1012104,28,2.1,3.32,5.08,4,0
4849,31,2.1,4.05,7.51,0,0
6249,34,2.1,4.16,6.37,0,0
9388,26,2.1,4.25,4.84,0,0
666,28,2.1,4.54,8.22,0,0
1001126,34,2.1,4.68,4.98,2,0
415,32,2.1,4.72,6.54,1,0
58,34,2.1,5.17,6.43,2,0
898,30,2.1,3.37,5.44,1,0
1005827,30,2.1,3.57,6.01,0,0
67,33,2.1,3.75,4.52,6,0
1011527,32,2.1,4.02,4.39,9,0
1701,33,2.1,4.55,8.13,1,0
480,31,2.1,4.67,4.98,2,0
1994,34,2.1,4.72,5.49,2,0
1004852,29,2.1,5.01,6.64,1,0
1310,36,2.1,5.02,5.21,1,0
72,31,2.1,5.27,4.69,2,0
1010246,23,2.1,3.0,5.04,7,0
1012,31,2.1,3.28,6.7,1,0
1012104,30,2.1,3.94,5.04,1,0
944,33,2.1,4.03,7.22,1,0
1841,31,2.1,4.03,7.97,1,0
147,32,2.1,4.18,5.6,0,0
19320,30,2.1,4.18,8.69,0,0
665,42,2.1,4.39,4.39,0,1
1009620,31,2.1,4.42,4.47,2,0
271,31,2.1,4.48,6.73,0,0
106,31,2.1,5.16,6.41,0,0
737,33,2.1,5.19,7.17,1,0
1003424,34,2.1,5.48,5.03,3,0
973,27,2.1,3.44,3.39,2,0
1091,34,2.1,3.48,5.39,3,0
1007185,25,2.1,3.68,6.3,2,0
4366,28,2.1,4.07,5.77,1,0
871,29,2.1,4.77,5.13,2,0
1005172,27,2.1,3.84,4.34,6,0
1007607,32,2.1,3.97,4.29,0,0
1571,25,2.1,4.12,3.31,2,0
666,32,2.1,4.74,8.57,1,0
1007431,29,2.1,3.68,4.93,3,1
1000216,31,2.1,4.53,3.91,5,0
1011072,34,2.1,4.56,5.35,1,0
18498,11,2.1,2.7,10.8,0,0
12917,11,2.1,3.29,9.87,1,0
115,21,2.1,4.14,7.55,1,0
1574,31,2.1,4.21,5.41,1,0
1158,27,2.1,4.77,5.98,2,0
491,30,2.1,4.9,5.1,2,0
16162,13,2.1,3.05,11.12,1,0
6249,30,2.0,2.97,5.4,1,0
1005514,33,2.0,3.15,2.72,5,0
1000216,33,2.0,3.8,3.16,4,0
1009582,38,2.0,3.04,4.6,6,0
8173,33,2.0,3.66,9.0,0,0
5279,33,2.0,3.71,7.81,1,0
7450,32,2.0,4.19,7.76,1,0
1008193,28,2.0,3.42,7.1,2,0
750,33,2.0,3.78,5.79,2,0
225,32,2.0,3.81,4.12,4,0
1190,34,2.0,4.05,6.3,3,0
3,31,2.0,4.52,5.94,1,0
199,34,2.0,4.67,5.13,0,0
137,34,2.0,4.81,4.14,6,0
150,35,2.0,4.9,5.07,0,0
1013461,24,2.0,3.55,5.05,2,0
1003424,32,2.0,3.59,4.4,14,0
60,33,2.0,3.65,7.95,5,0
90,29,2.0,3.68,4.35,6,0
8779,33,2.0,3.98,7.53,0,0
1508,34,2.0,4.74,4.95,0,0
1000516,34,2.0,4.83,6.28,4,0
801,32,2.0,4.91,6.82,0,0
1091,33,2.0,5.01,6.01,1,0
4684,33,2.0,5.68,6.27,0,0
4371,29,2.0,2.95,5.57,2,0
3688,29,2.0,3.58,5.06,2,0
106,31,2.0,3.67,5.57,3,0
10304,30,2.0,3.69,5.74,0,0
8223,31,2.0,3.89,4.6,0,0
412,28,2.0,3.97,5.46,1,0
1890,33,2.0,4.08,8.08,0,0
1008454,35,2.0,4.24,6.26,4,0
1004529,33,2.0,4.33,6.41,4,0
1013939,32,2.0,4.48,4.39,13,0
1116,34,2.0,4.83,5.33,0,0
1012409,48,2.0,3.1,4.44,0,14
7396,32,2.0,3.62,6.42,2,0
72,30,2.0,4.0,5.57,4,0
76,31,2.0,4.16,5.86,1,0
1002989,32,2.0,4.29,7.24,2,0
1010887,30,2.0,4.29,4.29,5,0
1620,34,2.0,4.9,7.09,1,1
1012941,24,2.0,5.38,4.57,4,0
1007175,35,2.0,3.6,4.68,1,0
6986,33,2.0,3.68,8.46,0,0
1007185,31,2.0,3.95,6.64,2,0
1013939,26,2.0,3.97,4.89,9,0
44,33,2.0,4.05,4.39,2,0
1005374,31,2.0,4.34,5.82,3,0
1234,29,2.0,4.36,5.73,1,0
898,28,2.0,4.46,7.46,1,0
2717,33,2.0,4.65,8.01,2,0
669,33,2.0,4.67,5.17,0,0
824,27,2.0,4.7,6.47,4,0
1011314,34,2.0,3.82,4.2,5,0
4676,29,2.0,3.83,5.77,2,0
4153,31,2.0,3.96,7.19,0,0
1002480,32,2.0,4.07,5.3,3,0
814,29,2.0,4.21,6.53,0,0
9460,33,2.0,4.26,8.42,0,0
40,32,2.0,4.32,5.3,1,0
8753,31,2.0,4.35,8.6,0,0
1010504,34,2.0,4.5,5.87,2,0
6230,30,2.0,4.7,5.44,2,0
1001212,31,2.0,4.92,4.5,0,0
2717,27,2.0,4.92,4.65,0,0
33,32,2.0,5.08,4.56,1,0
1009211,23,2.0,5.6,6.37,1,0
1012279,32,2.0,5.61,2.95,6,0
1010887,21,2.0,3.89,5.02,4,0
1006569,29,2.0,4.12,4.12,3,0
1283,27,2.0,4.45,5.5,1,0
1005568,36,2.0,4.9,3.55,5,0
40,29,2.0,3.2,4.77,1,0
1006938,32,2.0,3.83,4.94,10,0
1009583,22,2.0,3.1,4.0,3,0
15467,11,2.0,3.1,8.27,1,0
75,26,2.0,4.22,6.72,3,1
1004818,35,2.0,4.31,4.78,2,1
90,34,2.0,4.56,3.87,1,0
510,28,2.0,4.65,6.97,0,0
1045,33,2.0,4.83,5.01,1,0
8678,26,2.0,3.66,5.38,1,0
1013971,23,2.0,4.08,4.56,4,0
16149,12,2.0,3.28,12.11,2,0
17295,11,2.0,3.57,9.68,0,0
1013197,37,2.0,4.75,3.86,0,0
1943,33,2.0,5.8,5.61,2,0
15474,12,2.0,3.48,12.07,1,0
1007103,27,2.0,4.01,5.64,3,5
1005150,37,1.9,4.03,3.56,8,0
1001830,35,1.9,3.91,2.62,12,0
219,31,1.9,4.76,5.24,0,0
932,32,1.9,3.64,4.87,3,0
1994,28,1.9,3.7,5.33,0,0
1008161,40,1.9,4.21,3.96,10,0
1011620,33,1.9,3.71,3.67,6,0
1008161,35,1.9,3.85,5.53,2,1
1011,31,1.9,3.37,7.5,0,0
44,32,1.9,3.78,3.96,2,0
1000789,34,1.9,4.27,5.0,2,0
1008546,37,1.9,4.61,3.34,7,0
2227,32,1.9,4.74,8.18,0,0
430,32,1.9,5.41,5.41,2,0
1001729,34,1.9,3.15,3.95,5,0
137,32,1.9,3.4,4.29,5,0
739,31,1.9,3.54,6.4,2,0
1012818,33,1.9,3.77,4.43,3,0
430,29,1.9,4.28,4.54,1,0
11156,32,1.9,4.42,7.76,0,0
1005741,32,1.9,4.58,4.47,0,0
1012181,34,1.9,4.77,5.18,8,0
1000789,32,1.9,5.02,4.77,3,0
1010087,26,1.9,3.41,7.09,2,0
266,24,1.9,3.81,8.07,0,0
16943,31,1.9,3.9,8.78,0,0
1007338,37,1.9,3.95,5.32,1,0
1008193,24,1.9,3.97,6.3,4,0
633,32,1.9,4.12,4.93,0,0
3886,29,1.9,4.29,7.71,0,0
1004529,33,1.9,4.36,6.61,0,0
1039,31,1.9,4.42,5.34,3,0
1002388,37,1.9,4.46,3.72,7,1
1316,33,1.9,4.81,5.47,0,0
1695,31,1.9,4.83,6.6,0,0
232,34,1.9,4.89,4.69,1,0
637,31,1.9,4.92,4.79,3,0
180,34,1.9,5.42,6.15,0,0
1002106,33,1.9,3.07,3.02,3,0
4270,33,1.9,4.05,4.47,0,0
10547,30,1.9,4.11,7.51,0,0
102,45,1.9,4.13,4.66,4,2
1011422,32,1.9,4.21,4.99,4,0
1091,33,1.9,4.3,4.6,2,0
1005172,24,1.9,4.46,4.19,5,0
1089,32,1.9,4.48,7.52,1,0
1003331,35,1.9,4.58,7.56,2,0
145,34,1.9,4.79,5.34,1,0
5279,31,1.9,4.99,6.24,0,0
1005992,29,1.9,2.84,3.68,6,0
1007862,31,1.9,3.44,3.06,6,0
1008193,32,1.9,3.44,5.4,4,0
1007240,37,1.9,3.57,3.79,4,0
1190,23,1.9,3.75,5.95,4,0
15514,31,1.9,4.11,5.23,2,0
1012346,29,1.9,4.28,4.11,0,0
1007175,36,1.9,4.53,4.99,2,0
633,35,1.9,4.94,5.31,3,0
5203,31,1.9,5.03,5.22,0,0
6902,32,1.9,5.12,7.35,0,0
1298,43,1.9,5.35,7.1,3,2
1013750,23,1.9,3.44,5.6,2,0
1006294,32,1.9,3.87,4.71,1,1
1007031,35,1.9,4.1,4.3,8,0
4424,30,1.9,4.2,7.67,2,0
1005827,31,1.9,4.55,5.02,1,0
8678,32,1.9,5.1,4.95,1,0
1005983,33,1.9,3.52,4.08,0,0
1000003,40,1.9,4.06,3.81,5,2
7507,32,1.9,4.24,9.75,1,0
40,31,1.9,4.67,4.96,0,0
1013494,22,1.9,4.92,3.63,5,0
1012191,32,1.9,3.69,5.71,5,0
180,33,1.9,5.28,6.86,1,0
12049,12,1.9,2.88,7.08,1,0
9492,31,1.9,3.77,8.52,0,0
1006388,33,1.9,4.3,5.16,1,0
1009771,32,1.9,4.97,5.23,3,0
14444,12,1.9,2.69,9.67,0,0
1091,23,1.9,4.77,5.26,0,0
10310,11,1.9,2.92,6.72,0,0
1010048,22,1.9,4.02,5.52,2,0
1013750,35,1.8,2.95,4.8,2,0
4930,32,1.8,3.32,7.38,0,0
1010703,31,1.8,3.88,5.84,3,0
8044,32,1.8,4.16,6.71,1,0
921,34,1.8,2.83,5.47,1,0
1006050,33,1.8,3.79,5.7,7,0
633,32,1.8,3.57,5.28,0,0
898,33,1.8,3.78,4.88,2,0
1009973,34,1.8,3.98,4.38,4,0
199,33,1.8,4.0,6.32,0,0
219,33,1.8,4.15,6.03,3,0
1001566,37,1.8,3.39,4.25,9,0
1039,30,1.8,3.63,5.82,2,0
105,32,1.8,3.71,6.17,0,0
1239,32,1.8,4.11,5.83,0,0
1045,34,1.8,4.12,5.36,2,0
898,33,1.8,4.46,6.45,1,0
594,31,1.8,4.59,4.12,2,0
1011708,23,1.8,2.54,4.71,6,0
921,29,1.8,3.52,5.39,2,0
1006005,34,1.8,3.66,5.14,4,1
1245,34,1.8,3.71,7.22,1,0
1245,34,1.8,4.21,7.09,3,0
1010654,34,1.8,4.48,3.96,1,0
2717,32,1.8,5.52,7.38,0,0
1118,34,1.8,3.13,6.51,0,0
1002057,40,1.8,3.66,5.06,6,0
1709,32,1.8,3.71,6.29,0,0
1004444,32,1.8,3.87,4.58,6,1
1013215,34,1.8,4.09,5.06,7,0
179,29,1.8,4.53,6.45,1,0
1002255,36,1.8,5.12,4.83,5,0
1005136,32,1.8,3.61,3.97,3,0
1006222,33,1.8,3.92,5.61,9,0
1003404,29,1.8,3.99,5.05,2,0
1009756,29,1.8,4.04,4.87,5,0
219,35,1.8,4.25,6.75,4,0
1757,30,1.8,4.33,7.23,1,0
1005162,25,1.8,5.68,7.57,2,0
1001126,33,1.8,6.2,5.47,3,0
1013218,35,1.8,3.65,4.81,5,0
1245,33,1.8,3.91,5.29,2,0
232,33,1.8,4.01,4.81,1,0
6397,31,1.8,4.13,9.32,0,0
1783,34,1.8,4.42,6.95,1,0
1002255,36,1.8,4.49,5.41,4,1
12703,31,1.8,4.55,8.69,1,0
11836,29,1.8,4.56,8.33,1,0
1006703,33,1.8,4.78,3.37,0,0
535,30,1.8,4.88,5.66,1,0
4538,30,1.8,3.47,8.06,0,0
6397,33,1.8,3.69,7.96,0,0
1009065,32,1.8,4.0,4.05,1,0
1007065,30,1.8,4.12,2.99,4,0
1045,33,1.8,4.19,4.96,1,0
412,33,1.8,4.22,5.68,1,0
1006703,33,1.8,4.4,4.77,0,0
962,30,1.8,4.55,7.72,2,0
1507,33,1.8,4.63,6.66,2,0
8678,29,1.8,5.02,5.32,2,0
1007501,31,1.8,5.67,7.29,3,0
637,30,1.8,3.91,5.3,0,0
1039,30,1.8,4.05,5.3,0,0
944,34,1.8,4.15,6.77,1,0
1010835,32,1.8,4.19,4.9,1,0
1000516,21,1.8,4.45,6.3,5,0
4849,33,1.8,4.69,5.05,0,0
1620,30,1.8,4.76,6.03,0,0
4849,29,1.8,4.82,6.87,0,0
271,31,1.8,5.05,7.12,0,0
441,24,1.8,5.12,8.01,2,0
8779,30,1.8,5.37,7.43,1,0
1116,31,1.8,5.44,5.0,2,0
1013197,20,1.8,3.47,3.9,3,0
1003993,29,1.8,4.27,4.56,4,0
1013727,19,1.8,4.51,4.59,0,0
1012788,38,1.8,4.59,2.42,6,0
1001279,31,1.8,4.59,5.68,1,0
1000951,36,1.8,4.93,5.52,0,1
1005827,33,1.8,3.8,5.13,2,0
715,26,1.8,4.1,5.25,0,0
1011355,25,1.8,4.18,5.88,3,0
1010530,30,1.8,4.19,6.76,3,0
1006515,32,1.8,4.52,2.33,4,0
12880,32,1.8,4.55,8.39,0,0
1013490,29,1.8,4.59,6.47,1,0
11760,30,1.8,4.88,8.57,0,0
1094,30,1.8,5.62,5.1,2,0
1014170,32,1.8,5.84,6.14,3,0
9434,11,1.8,1.99,5.97,0,0
8782,31,1.8,4.34,8.04,0,0
180,36,1.8,5.07,6.17,0,1
1003168,28,1.8,2.71,6.53,1,0
3137,12,1.8,3.74,12.3,1,0
1003168,31,1.8,4.7,8.24,1,3
1011691,36,1.7,3.29,5.56,4,0
1124,33,1.7,3.81,7.11,3,0
426,30,1.7,4.81,6.12,2,0
1010998,35,1.7,5.28,4.44,2,0
90,35,1.7,3.57,4.76,1,0
1007031,35,1.7,3.2,5.39,11,0
7754,33,1.7,3.9,6.14,1,0
966,33,1.7,4.19,7.91,3,0
2717,31,1.7,3.96,4.69,0,0
2047,32,1.7,4.1,6.79,0,0
258,33,1.7,5.18,6.23,1,0
1011,30,1.7,2.71,6.96,1,0
8678,32,1.7,3.67,6.67,1,0
1757,32,1.7,4.02,7.02,0,0
1003278,33,1.7,4.29,5.08,2,0
1013327,33,1.7,4.59,5.07,5,0
1011061,34,1.7,3.43,4.39,5,0
1001111,30,1.7,4.08,3.94,1,0
1006899,32,1.7,4.16,3.9,5,0
5523,30,1.7,4.21,7.95,1,0
232,32,1.7,4.51,5.07,0,0
225,32,1.7,4.99,4.32,1,0
266,31,1.7,5.47,7.55,0,0
1012754,37,1.7,3.35,3.63,2,1
1012924,33,1.7,3.52,4.77,3,0
1010460,32,1.7,3.62,6.22,1,0
7024,30,1.7,3.78,6.3,0,0
1002690,27,1.7,3.88,7.32,4,0
1009602,29,1.7,3.89,4.14,6,0
8268,29,1.7,3.92,5.55,0,0
1009583,34,1.7,3.97,5.71,2,0
1007319,32,1.7,4.21,3.0,15,0
1012924,32,1.7,4.49,4.06,5,0
105,29,1.7,4.53,4.9,0,0
989,32,1.7,4.64,4.14,0,0
329,33,1.7,5.09,6.21,1,0
998,31,1.7,5.21,4.54,1,0
989,31,1.7,5.49,4.87,1,0
1000789,28,1.7,4.52,4.82,1,0
594,31,1.7,4.88,4.42,1,0
3990,34,1.7,5.37,6.61,0,0
921,31,1.7,3.57,5.7,1,0
1002996,22,1.7,3.64,6.04,6,0
6432,31,1.7,3.73,6.2,0,0
6986,32,1.7,3.8,7.79,0,0
11589,31,1.7,3.98,6.72,1,0
1007649,37,1.7,4.31,5.47,0,1
2072,34,1.7,4.33,5.62,2,0
349,39,1.7,4.65,8.18,4,1
2717,28,1.7,4.92,7.8,0,0
250,31,1.7,5.13,5.75,1,0
1931,34,1.7,5.55,7.31,1,0
150,36,1.7,5.9,6.48,0,0
3126,30,1.7,4.23,5.64,0,0
898,34,1.7,4.51,7.15,0,0
512,34,1.7,4.59,8.0,1,0
14682,29,1.7,4.67,6.49,0,0
329,31,1.7,4.85,5.84,0,0
3642,32,1.7,5.34,6.17,1,0
954,30,1.7,5.41,9.22,0,0
1000766,37,1.7,3.83,5.84,0,0
161,28,1.7,4.09,6.14,3,0
962,34,1.7,4.46,6.67,2,0
1003473,30,1.7,4.57,7.03,1,0
9492,29,1.7,4.65,8.82,0,0
33,27,1.7,5.45,4.13,1,0
1011314,33,1.7,4.26,5.0,4,0
4684,31,1.7,4.82,4.48,1,0
1001212,19,1.7,4.32,4.82,4,0
1001123,25,1.7,4.1,5.11,2,0
219,36,1.6,4.58,6.08,2,0
921,28,1.6,3.62,5.13,1,0
27,32,1.6,3.77,6.71,4,0
1124,34,1.6,4.13,6.29,2,0
1003486,28,1.6,3.58,3.63,9,0
1011073,24,1.6,2.98,5.97,6,0
898,31,1.6,3.03,5.8,3,0
1010719,36,1.6,3.31,4.8,6,0
1013327,33,1.6,3.62,4.98,0,0
225,31,1.6,3.74,5.56,1,0
769,34,1.6,3.83,6.07,1,0
11423,32,1.6,4.03,8.16,0,0
271,34,1.6,5.14,7.46,0,0
862,35,1.6,6.23,7.31,0,0
7410,35,1.6,2.93,6.45,3,0
1011937,35,1.6,3.09,5.45,5,0
647,32,1.6,4.16,7.66,1,0
748,28,1.6,4.32,4.6,0,0
1004145,26,1.6,4.36,4.03,1,0
1010719,29,1.6,4.44,4.55,3,0
1077,33,1.6,4.51,6.44,1,0
1144,30,1.6,4.88,7.43,1,0
1011330,23,1.6,5.15,4.91,5,0
1000122,24,1.6,2.89,4.55,1,0
739,32,1.6,3.35,5.66,2,0
7312,33,1.6,3.46,5.77,1,1
10130,30,1.6,3.7,5.58,2,0
1002296,20,1.6,3.82,4.24,4,0
788,32,1.6,4.04,4.89,1,0
1005088,31,1.6,4.38,7.06,4,0
11855,32,1.6,4.45,6.97,2,0
944,34,1.6,4.53,5.99,0,0
769,34,1.6,5.07,6.57,0,0
1574,31,1.6,5.9,4.49,1,0
2859,33,1.6,3.4,5.75,0,0
1006858,19,1.6,3.4,3.85,10,0
1013327,31,1.6,3.43,5.31,3,0
1002905,30,1.6,3.51,3.42,6,0
8779,33,1.6,3.55,6.53,0,0
6797,33,1.6,3.81,8.35,0,0
1004306,36,1.6,3.92,5.4,5,1
1514,34,1.6,4.22,8.35,0,0
40,32,1.6,4.43,5.12,2,0
1757,31,1.6,4.67,8.01,0,1
707,34,1.6,4.7,5.98,4,0
46,38,1.6,4.8,4.71,2,5
1006515,20,1.6,2.63,3.21,7,0
5221,32,1.6,3.72,7.22,0,0
1009771,37,1.6,4.03,5.51,1,0
739,31,1.6,4.18,4.33,0,0
1002570,32,1.6,4.3,5.86,0,0
503,30,1.6,5.55,6.27,0,0
1014174,22,1.6,3.28,5.23,7,0
8173,32,1.6,3.51,6.83,0,0
1116,29,1.6,4.47,5.08,1,0
317,30,1.6,3.03,4.7,0,0
3201,29,1.6,3.38,9.7,0,0
1237,31,1.6,4.17,6.06,0,0
1010210,30,1.6,4.64,3.96,3,0
1007323,18,1.6,4.68,8.22,2,0
729,33,1.6,5.25,4.96,0,0
1000266,39,1.6,4.16,5.0,5,1
462,32,1.6,4.67,2.13,2,0
807,29,1.6,5.86,4.73,0,0
1007031,33,1.6,4.45,5.4,4,1
7738,32,1.5,3.53,6.98,0,0
9425,25,1.5,2.41,5.38,1,0
978,33,1.5,3.84,5.19,3,0
1089,32,1.5,4.59,6.28,1,0
1013052,32,1.5,2.97,2.87,1,0
1005514,33,1.5,3.35,3.76,4,0
11132,32,1.5,3.82,7.69,1,0
8044,33,1.5,3.85,5.84,2,0
1001566,36,1.5,4.18,4.49,1,0
1841,32,1.5,4.42,5.3,0,0
1004546,53,1.5,3.11,6.48,2,10
1001094,31,1.5,3.78,5.12,6,0
1014368,31,1.5,4.08,5.5,6,0
90,34,1.5,4.45,4.0,1,0
1013507,33,1.5,4.45,3.81,2,0
646,32,1.5,4.46,5.19,0,0
1000881,31,1.5,3.72,5.23,1,0
1010183,32,1.5,3.79,6.3,3,0
898,33,1.5,4.0,5.2,0,0
1005088,37,1.5,4.02,5.74,7,0
1001646,24,1.5,4.14,5.58,1,0
526,33,1.5,4.16,4.88,1,0
8173,31,1.5,4.18,7.17,0,0
1003424,33,1.5,4.27,4.95,8,0
1190,33,1.5,4.41,5.92,0,0
4141,29,1.5,4.67,7.44,0,0
1014170,34,1.5,4.82,5.21,3,0
1091,35,1.5,5.1,6.58,1,0
1005992,20,1.5,3.31,2.82,8,0
3254,32,1.5,3.52,6.95,0,0
1009771,28,1.5,3.71,4.89,0,1
3990,32,1.5,4.14,8.57,1,0
7754,31,1.5,4.48,7.15,0,0
1007103,37,1.5,4.77,4.77,2,2
1012519,35,1.5,5.18,5.73,2,0
434,33,1.5,5.51,5.96,0,0
883,30,1.5,3.21,6.06,0,0
1012218,25,1.5,3.27,3.27,2,0
8223,31,1.5,3.69,5.79,1,0
13774,32,1.5,4.13,7.11,2,0
1245,31,1.5,4.26,6.44,0,0
1010460,26,1.5,4.44,5.63,3,0
58,30,1.5,4.51,6.15,0,0
1001566,32,1.5,5.02,5.75,2,0
898,22,1.5,3.21,6.66,1,0
1000976,29,1.5,3.22,4.34,2,0
1009771,32,1.5,3.84,5.66,1,0
824,39,1.5,3.93,8.06,2,1
1012519,37,1.5,3.95,6.18,4,0
1010751,24,1.5,4.07,4.89,3,0
1004133,20,1.5,4.19,5.59,3,0
13619,30,1.5,4.37,8.34,1,0
642,33,1.5,4.4,4.1,0,0
199,34,1.5,5.05,6.59,0,0
13619,31,1.5,5.24,8.42,0,0
715,34,1.5,5.67,3.75,1,0
1002989,32,1.5,4.26,5.97,0,0
1193,29,1.5,4.32,6.07,3,0
1234,28,1.5,4.64,5.02,0,0
188,36,1.5,4.92,7.08,0,0
441,35,1.5,5.26,6.08,1,0
1051,32,1.5,3.73,7.02,0,0
1012924,29,1.5,3.97,3.66,11,0
1004444,33,1.5,4.23,5.39,2,0
3273,32,1.5,5.25,5.2,0,0
807,29,1.5,3.93,6.13,1,0
862,23,1.5,4.29,6.52,3,0
740,49,1.5,4.37,6.05,2,0
1451,30,1.5,4.78,7.47,1,0
672,38,1.5,4.86,3.8,3,1
707,30,1.5,5.5,6.13,1,0
1012734,28,1.5,4.64,6.22,4,0
15423,12,1.5,4.45,9.45,0,0
6632,12,1.5,2.91,10.85,0,0
4235,34,1.4,3.59,7.13,1,0
375,34,1.4,5.01,6.83,0,0
1011422,34,1.4,3.88,5.58,2,0
1009122,36,1.4,4.12,4.72,2,0
633,31,1.4,4.16,5.27,0,0
1012342,34,1.4,5.28,4.63,7,0
1128,33,1.4,5.41,4.58,1,0
1451,28,1.4,3.64,6.54,0,0
1005741,32,1.4,4.47,4.93,1,0
1064,29,1.4,4.65,5.87,2,0
964,29,1.4,4.74,6.68,1,0
743,34,1.4,4.75,7.21,0,0
1007240,39,1.4,3.68,4.16,2,0
4222,30,1.4,3.73,6.35,0,0
1013727,32,1.4,4.12,3.8,4,0
2155,31,1.4,5.05,5.63,2,0
7754,31,1.4,3.56,7.27,0,0
1507,24,1.4,3.75,7.16,3,0
10130,29,1.4,3.86,6.33,0,0
110,29,1.4,4.0,4.94,1,0
328,31,1.4,4.25,5.79,1,0
1004529,30,1.4,4.29,6.79,2,0
8591,30,1.4,4.39,6.76,1,0
807,31,1.4,4.4,5.43,1,0
1004529,30,1.4,4.42,7.28,4,0
75,28,1.4,4.5,5.07,6,0
105,34,1.4,4.6,5.12,1,0
161,32,1.4,4.71,4.8,6,0
195,38,1.4,4.77,4.27,2,4
219,32,1.4,4.87,5.54,0,0
526,31,1.4,4.94,4.47,0,0
1008714,31,1.4,5.04,3.54,3,0
329,33,1.4,5.33,3.97,0,0
2586,30,1.4,3.49,7.82,0,0
6797,33,1.4,4.04,7.67,0,0
512,27,1.4,4.05,6.65,2,0
6893,30,1.4,4.41,6.93,0,0
1230,39,1.4,4.42,5.07,0,1
7441,29,1.4,4.45,5.14,1,0
1007185,35,1.4,4.56,6.37,3,1
1008268,33,1.4,4.58,3.16,3,0
491,32,1.4,4.71,4.81,2,0
574,30,1.4,5.43,5.06,0,0
1004233,20,1.4,3.18,2.97,1,0
1005281,31,1.4,3.58,5.72,2,0
72,31,1.4,4.37,4.26,0,0
5705,32,1.4,4.37,8.79,1,0
1005827,30,1.4,4.62,4.77,1,0
2072,33,1.4,5.04,4.95,1,0
1007284,41,1.4,5.2,3.69,2,0
512,33,1.4,5.26,6.99,1,0
517,33,1.4,5.38,6.59,4,0
729,33,1.4,6.66,5.32,1,0
7080,33,1.4,3.88,3.88,2,0
1767,31,1.4,4.18,4.9,0,0
1061,35,1.4,4.22,5.03,0,0
1190,31,1.4,4.35,5.73,0,0
1442,29,1.4,4.93,4.78,2,0
1007988,34,1.4,2.8,4.33,1,2
8678,30,1.4,4.76,5.98,0,0
1013327,32,1.4,4.94,3.93,5,0
72,30,1.4,4.96,4.7,0,0
9884,31,1.4,5.03,7.57,0,0
1434,23,1.4,5.4,5.92,1,0
6943,32,1.4,5.73,6.99,2,0
13183,12,1.4,2.73,8.18,0,0
13125,12,1.4,2.84,11.59,2,0
3455,32,1.4,4.16,5.25,2,0
1476,35,1.4,4.47,7.13,0,0
1620,32,1.4,4.48,5.58,2,0
1004000,30,1.4,4.61,5.56,2,0
1009828,31,1.4,6.22,5.76,0,0
2520,13,1.4,3.32,9.54,1,0
1009756,29,1.4,3.63,5.09,2,0
1005667,28,1.4,4.02,5.22,2,0
1009211,24,1.4,4.86,6.08,10,0
1013490,33,1.4,4.8,6.55,3,1
1056,33,1.4,4.92,6.91,1,0
1000010,22,1.4,3.94,2.42,1,0
1230,33,1.4,5.18,5.5,4,0
19291,12,1.4,2.75,10.25,0,0
1003404,26,1.4,3.04,5.39,1,0
1010246,38,1.3,3.92,4.12,9,0
978,33,1.3,3.88,5.05,2,0
2155,32,1.3,3.44,5.82,0,0
9492,28,1.3,3.65,7.57,0,0
4538,30,1.3,3.83,7.78,0,0
397,33,1.3,5.22,5.13,2,0
1128,33,1.3,3.23,3.36,0,0
232,32,1.3,4.9,4.12,1,0
1009122,33,1.3,4.65,3.3,3,0
1144,33,1.3,4.81,6.4,0,0
58,35,1.3,4.84,5.38,3,0
1010999,30,1.3,5.02,6.79,1,0
1012652,40,1.3,3.68,3.68,6,1
10302,31,1.3,3.95,7.14,2,0
4913,32,1.3,3.97,6.12,1,0
9901,30,1.3,4.58,5.25,2,0
1064,35,1.3,5.1,5.55,1,0
4371,32,1.3,5.17,6.98,0,0
1005568,38,1.3,5.21,3.4,4,0
1005741,34,1.3,4.41,5.61,0,0
1005416,35,1.3,4.59,4.91,4,0
1653,25,1.3,4.68,4.93,6,0
982,28,1.3,4.13,4.9,0,0
1008382,30,1.3,4.26,3.6,1,0
1014170,31,1.3,4.29,5.83,0,0
1005514,37,1.3,4.3,5.03,3,0
1005507,33,1.3,4.31,5.56,4,0
1190,32,1.3,4.46,6.48,1,0
1056,32,1.3,4.49,5.55,3,0
1007240,34,1.3,4.62,3.14,4,0
989,30,1.3,4.94,5.11,0,0
944,32,1.3,5.15,6.0,0,0
1010560,31,1.3,5.26,5.15,3,0
1003424,24,1.3,3.77,4.66,5,0
4635,31,1.3,4.18,5.3,0,0
569,29,1.3,4.26,6.89,0,0
90,32,1.3,4.52,4.03,0,0
1000012,24,1.3,4.55,5.05,2,0
633,33,1.3,5.32,4.72,3,0
1013358,32,1.3,5.4,4.81,0,0
1003711,25,1.3,3.5,5.16,3,0
1003331,34,1.3,3.67,6.0,3,1
1009337,37,1.3,3.68,5.82,3,2
6283,29,1.3,3.74,5.34,2,0
1002996,39,1.3,3.8,5.17,11,2
1011937,34,1.3,3.84,5.1,5,0
8779,33,1.3,4.34,8.18,0,0
2929,30,1.3,4.49,6.9,0,0
569,30,1.3,4.57,5.81,3,0
3543,28,1.3,5.34,6.97,2,0
384,31,1.3,3.96,5.46,4,0
1012818,32,1.3,4.35,5.15,0,0
6329,30,1.3,4.71,6.28,2,0
1001911,32,1.3,4.78,4.95,7,0
665,40,1.3,4.24,4.77,1,0
1667,33,1.3,5.56,6.0,0,0
12304,11,1.3,2.29,7.86,0,0
1011691,23,1.3,3.9,3.57,1,0
1007185,30,1.3,4.8,5.74,3,0
1076,32,1.3,4.9,4.67,2,0
9460,34,1.2,3.76,7.62,0,0
978,32,1.2,3.79,5.52,2,0
2072,32,1.2,4.13,5.51,1,0
739,32,1.2,4.23,6.18,1,0
1267,33,1.2,5.23,8.06,0,0
1012519,31,1.2,3.66,5.87,2,0
1000516,31,1.2,4.33,5.37,2,0
761,29,1.2,4.44,7.17,0,0
926,31,1.2,4.85,6.86,0,0
2141,37,1.2,4.99,7.35,0,0
1010700,32,1.2,5.3,6.31,1,0
2520,33,1.2,3.43,7.39,0,0
1128,32,1.2,3.96,3.47,0,0
1001911,33,1.2,4.84,4.39,3,0
491,29,1.2,5.71,4.1,2,0
1013134,22,1.2,3.68,3.82,2,0
1010460,21,1.2,3.93,5.7,1,0
1001967,36,1.2,4.29,5.19,2,0
1005764,31,1.2,4.4,3.53,0,1
1064,29,1.2,4.42,4.89,2,0
573,33,1.2,4.95,5.93,1,0
1259,29,1.2,5.18,7.03,2,0
1310,31,1.2,5.7,5.75,2,0
1001729,22,1.2,3.05,3.45,4,0
7080,31,1.2,3.91,5.79,0,0
1994,29,1.2,4.19,6.37,0,0
1000429,29,1.2,4.29,3.96,5,0
4366,33,1.2,4.47,5.05,3,0
1005160,29,1.2,4.54,4.54,2,0
1010048,36,1.2,4.88,4.54,4,0
1013134,31,1.2,5.23,4.3,1,0
4732,30,1.2,4.0,7.71,0,0
4529,33,1.2,4.2,5.04,0,0
76,24,1.2,4.37,4.49,1,0
10130,30,1.2,4.58,5.83,2,0
14361,34,1.2,4.78,4.01,1,0
1310,32,1.2,5.16,4.43,1,0
499,32,1.2,5.52,4.67,3,0
743,32,1.2,5.64,5.59,1,0
7059,34,1.2,4.53,6.77,0,0
5203,34,1.2,4.74,4.88,2,0
1000789,25,1.2,5.89,4.22,3,0
404,29,1.2,4.73,7.37,1,0
1234,30,1.2,4.83,5.16,1,0
1451,29,1.2,4.86,5.64,0,0
1009337,23,1.2,4.28,4.54,2,0
1010700,31,1.2,4.76,4.34,1,0
1012818,24,1.2,4.01,4.97,5,0
19479,12,1.2,4.74,8.39,1,0
9323,11,1.2,4.66,8.22,0,0
1172,32,1.1,4.72,5.84,3,0
1005514,34,1.1,4.8,4.23,5,0
1007031,27,1.1,3.14,5.3,3,0
1005136,35,1.1,4.86,4.94,4,0
1124,33,1.1,5.01,7.68,0,0
1636,33,1.1,5.43,8.09,0,0
1001830,34,1.1,4.03,2.95,11,1
1004133,34,1.1,4.18,4.22,2,0
1117,32,1.1,4.51,5.5,1,0
1010703,33,1.1,4.56,6.02,2,0
1660,31,1.1,5.5,7.93,0,0
107,33,1.1,3.42,5.58,0,0
7441,29,1.1,4.07,6.05,0,0
1004546,31,1.1,4.15,3.96,4,0
1013675,35,1.1,4.93,6.38,0,0
1994,28,1.1,5.02,8.08,0,0
1757,32,1.1,3.6,6.34,0,0
1006643,30,1.1,4.46,7.59,3,0
1012745,35,1.1,4.7,4.65,1,0
962,32,1.1,5.52,5.93,1,0
1003151,31,1.1,3.42,5.85,3,1
2929,30,1.1,3.52,6.76,0,0
12673,29,1.1,3.85,7.86,1,0
147,32,1.1,4.09,5.23,2,0
219,30,1.1,4.13,5.82,1,0
1014410,25,1.1,4.41,2.9,9,0
1001161,32,1.1,4.63,3.46,3,0
8137,32,1.1,4.67,7.86,1,0
1013911,36,1.1,4.73,5.91,3,0
5879,30,1.1,3.38,5.32,1,0
1244,34,1.1,4.12,6.46,0,0
6570,33,1.1,4.33,7.49,0,0
1009577,22,1.1,4.8,5.46,2,0
6893,31,1.1,4.81,8.17,0,0
1000976,35,1.1,5.14,3.35,2,0
613,31,1.1,5.61,5.81,3,0
1012268,22,1.1,3.12,2.69,2,1
1005054,22,1.1,3.76,5.78,3,0
1006681,22,1.1,3.76,5.45,1,0
111,35,1.1,4.82,7.89,1,0
1008221,38,1.1,4.83,4.63,1,0
1010700,30,1.1,5.1,4.77,0,0
4538,32,1.1,4.76,4.97,0,1
1011045,36,1.1,5.12,5.51,5,0
1620,32,1.1,6.35,5.76,0,0
1005741,21,1.1,3.79,4.79,1,0
1000694,33,1.1,4.3,3.98,3,0
15488,12,1.1,3.44,5.03,1,0
14168,12,1.1,4.0,9.71,0,0
1014362,20,1.1,3.92,5.1,0,0
106,31,1.1,5.1,6.23,1,0
1009583,33,1.0,4.09,6.1,7,0
4366,31,1.0,4.6,4.89,1,0
510,33,1.0,5.01,6.95,0,0
1011937,32,1.0,3.4,4.53,3,0
944,32,1.0,4.15,5.57,1,0
1011061,38,1.0,4.28,6.54,6,0
219,32,1.0,5.14,5.95,6,0
1009756,31,1.0,3.47,4.45,5,0
206,32,1.0,4.2,4.65,3,0
1001967,35,1.0,4.22,5.33,3,0
1003228,32,1.0,4.39,4.15,1,0
9388,30,1.0,4.4,6.1,0,0
1000951,41,1.0,4.46,3.89,0,0
1056,33,1.0,5.28,5.06,2,0
1002989,33,1.0,3.81,5.95,2,0
44,32,1.0,4.33,4.11,2,0
1008534,39,1.0,4.79,5.87,2,0
862,31,1.0,4.79,7.14,3,0
1003228,31,1.0,3.0,5.52,3,0
1076,32,1.0,3.57,4.2,2,0
1005764,32,1.0,4.31,3.29,5,0
6797,32,1.0,4.49,7.22,0,0
1004077,37,1.0,4.52,5.68,6,0
1007492,36,1.0,4.25,3.21,5,0
76,33,1.0,4.47,5.65,1,0
6230,32,1.0,4.61,5.47,0,0
1007367,35,1.0,4.33,3.08,2,0
1310,35,1.0,5.16,5.68,1,0
1013019,34,1.0,5.3,5.25,3,0
739,35,1.0,5.34,5.15,1,0
5718,32,1.0,5.76,5.57,1,0
1001094,18,1.0,2.45,4.55,1,0
1006134,38,1.0,3.78,5.69,3,0
1002996,44,1.0,3.84,6.05,3,3
1002380,33,1.0,4.02,3.35,1,0
1013675,29,1.0,4.61,6.2,2,0
1598,27,1.0,4.68,4.63,1,0
1007988,39,1.0,4.98,4.34,3,0
2159,31,1.0,5.1,7.08,0,0
902,24,1.0,5.27,4.8,0,0
12917,31,1.0,5.45,9.65,1,0
1000327,23,1.0,3.86,2.74,2,0
1002270,41,1.0,3.94,4.21,2,0
1007551,23,1.0,4.31,4.31,1,0
1890,32,1.0,5.52,7.64,0,0
1000115,36,1.0,6.21,6.04,0,0
2233,10,1.0,3.15,7.4,2,0
1000731,33,1.0,4.85,3.22,3,0
1002989,31,1.0,5.16,4.8,3,0
25377,12,1.0,4.06,8.53,0,0
16256,13,1.0,4.33,5.86,0,0
19206,33,0.9,3.35,7.01,0,1
1128,33,0.9,4.36,4.89,1,0
232,33,0.9,3.47,6.12,0,0
1255,29,0.9,4.06,6.55,2,0
1116,31,0.9,6.05,3.35,2,0
1009637,23,0.9,3.75,4.07,12,0
1000154,46,0.9,3.94,5.43,5,2
1237,34,0.9,4.21,6.31,1,0
1767,32,0.9,4.21,4.68,0,0
10130,32,0.9,4.29,5.8,2,0
1012519,26,0.9,4.44,5.33,0,0
1011422,33,0.9,4.93,4.84,2,0
1007715,31,0.9,3.91,6.03,3,0
6570,32,0.9,4.08,6.58,0,0
1013971,36,0.9,4.14,3.17,4,1
7738,32,0.9,4.37,6.33,2,0
1008546,34,0.9,4.52,4.21,4,0
7080,33,0.9,3.7,5.17,0,0
1012202,32,0.9,3.92,4.8,2,1
1010460,32,0.9,4.49,6.42,1,1
1703,35,0.9,5.17,6.4,0,0
5705,33,0.9,5.18,9.19,0,0
3374,31,0.9,5.4,7.28,0,0
1005088,31,0.9,5.54,5.19,4,0
1277,30,0.9,5.7,4.25,0,0
1011,32,0.9,4.0,7.36,1,0
1014170,24,0.9,5.04,7.36,5,0
1076,32,0.9,5.1,4.39,2,0
1001226,29,0.9,5.4,5.56,1,0
1667,30,0.9,5.47,5.89,0,0
1163,32,0.9,6.61,5.48,1,0
1006050,27,0.9,3.93,3.88,4,0
1005568,33,0.9,4.08,4.08,5,1
1012,34,0.9,5.7,6.75,0,0
1014407,28,0.9,3.01,4.81,7,0
1013772,22,0.9,3.78,3.71,4,0
1000122,33,0.9,4.44,3.83,5,0
1012279,46,0.9,4.91,3.09,2,1
9901,29,0.9,4.89,6.36,0,0
1005992,30,0.9,5.27,3.51,4,0
1009965,31,0.9,4.44,7.27,1,1
1061,28,0.8,4.25,6.52,1,0
27,32,0.8,5.2,4.7,1,0
1011937,35,0.8,4.17,5.38,4,0
1011168,31,0.8,4.11,2.95,6,0
1128,34,0.8,4.42,3.82,0,0
1011620,34,0.8,4.54,3.8,3,0
7059,33,0.8,3.91,9.61,0,0
475,36,0.8,4.07,4.91,0,0
976,34,0.8,4.17,5.93,1,0
4026,33,0.8,4.7,7.12,0,0
655,31,0.8,4.71,5.18,2,0
1653,34,0.8,4.99,5.44,1,0
34,33,0.8,5.38,6.19,1,0
1001007,34,0.8,3.99,4.37,3,0
1051,32,0.8,4.11,7.21,0,0
1008400,34,0.8,4.22,5.16,5,0
989,33,0.8,4.35,5.23,0,0
9425,32,0.8,4.64,5.74,0,0
1037,32,0.8,4.79,6.19,1,0
1001901,51,0.8,3.65,3.45,3,5
1009583,34,0.8,4.32,3.47,5,0
3543,29,0.8,4.56,6.13,2,0
426,31,0.8,4.61,5.1,1,0
1013507,32,0.8,4.87,4.6,3,0
715,33,0.8,4.9,5.96,1,0
1010183,31,0.8,5.01,6.92,2,0
1007438,33,0.8,5.05,3.61,0,0
748,29,0.8,5.32,3.73,2,0
4371,31,0.8,3.1,6.31,0,0
1010703,33,0.8,4.26,4.26,1,0
1245,30,0.8,4.46,6.68,0,0
1004529,27,0.8,3.85,5.72,0,0
1006050,31,0.8,4.02,4.83,4,0
1005088,34,0.8,4.35,4.93,3,0
1163,24,0.8,4.57,6.4,0,0
1001729,29,0.8,4.81,4.28,6,0
1012818,34,0.8,5.31,5.82,1,1
1476,32,0.8,5.34,6.08,2,0
1003660,28,0.8,5.61,3.93,2,0
3990,33,0.8,5.71,7.5,0,0
2072,33,0.8,4.76,5.0,0,0
1039,33,0.8,5.12,5.22,1,0
1006643,32,0.8,5.8,7.47,2,0
1003228,34,0.8,3.78,5.12,2,0
1007715,30,0.8,4.61,6.92,1,0
1012532,37,0.8,4.74,5.58,1,1
1012519,22,0.8,5.87,7.49,1,0
1013727,35,0.8,5.13,3.72,2,0
873,34,0.7,5.84,5.21,1,0
3990,32,0.7,3.04,6.54,1,0
105,33,0.7,4.13,4.35,3,0
998,33,0.7,5.13,3.62,2,0
1004251,30,0.7,4.51,7.84,0,0
412,33,0.7,4.66,5.11,0,0
145,29,0.7,5.17,4.76,0,0
1001213,37,0.7,5.32,6.32,1,0
10021,30,0.7,4.12,7.28,0,0
594,30,0.7,4.6,4.1,1,0
16208,31,0.7,3.98,7.59,1,0
1007862,30,0.7,4.28,2.27,1,0
1013134,39,0.7,4.37,3.81,5,0
1292,34,0.7,6.26,5.8,2,0
1011691,32,0.7,3.81,5.29,4,0
6797,31,0.7,3.94,8.3,0,0
4424,33,0.7,4.13,5.76,0,0
5523,31,0.7,4.21,7.47,0,0
1128,33,0.7,4.73,2.65,0,0
1005374,31,0.7,4.21,5.27,2,0
898,30,0.7,5.15,6.55,2,0
1013911,22,0.7,4.02,4.76,2,0
1000313,35,0.7,4.64,6.16,1,0
1005136,21,0.7,5.93,5.07,1,0
646,32,0.7,6.14,5.17,0,0
1001566,36,0.6,3.41,4.45,5,0
2072,33,0.6,4.04,4.72,3,0
1012924,34,0.6,4.56,3.85,9,0
1005136,34,0.6,4.34,2.6,4,0
3862,32,0.6,4.67,7.16,0,0
1008546,35,0.6,4.81,3.79,8,0
265,34,0.6,4.9,6.17,3,0
1013750,35,0.6,4.58,4.13,7,0
1507,31,0.6,4.59,7.86,0,0
1091,30,0.6,4.94,5.22,0,0
1007973,30,0.6,4.66,3.4,0,0
982,30,0.6,4.82,4.33,3,0
10197,32,0.6,3.74,6.25,1,0
1001156,36,0.6,4.09,3.76,2,0
4026,33,0.6,3.59,8.07,0,0
1008651,37,0.6,4.32,4.86,0,0
1010565,36,0.6,4.47,5.16,1,1
1007727,47,0.6,4.03,3.98,3,2
1007501,35,0.6,4.92,7.2,2,0
1190,33,0.6,5.27,4.84,0,0
715,34,0.6,5.46,5.31,0,0
1010700,24,0.6,3.85,5.06,2,0
1001729,29,0.6,4.02,4.39,1,0
1014407,24,0.6,4.14,4.92,3,0
1012054,32,0.6,4.97,3.7,5,0
3830,33,0.6,4.92,7.11,1,0
1003080,31,0.5,4.36,4.84,1,0
594,32,0.5,4.6,4.78,1,0
898,30,0.5,4.97,4.32,1,0
195,33,0.5,4.45,5.76,0,0
1012818,32,0.5,4.39,4.39,3,0
3580,31,0.5,4.51,7.74,1,0
1009337,35,0.5,4.05,4.1,7,0
6230,33,0.5,4.73,4.18,1,0
6329,32,0.5,4.74,5.99,0,0
1001161,32,0.5,4.86,2.78,3,0
512,33,0.5,5.15,8.18,0,0
4366,32,0.5,5.26,5.26,2,0
1009602,30,0.5,5.43,4.6,6,0
1013269,25,0.5,3.69,4.35,7,0
1012734,29,0.5,5.75,4.34,3,0
4529,33,0.5,5.81,6.78,0,0
1008700,30,0.5,4.95,4.23,4,0
1001964,32,0.5,5.1,6.12,0,0
517,32,0.5,4.57,8.25,0,0
10547,32,0.5,4.62,7.03,0,0
3201,31,0.5,4.69,9.28,0,0
8375,30,0.5,4.98,4.29,2,0
743,34,0.5,6.47,5.94,0,0
1004951,33,0.5,4.24,4.96,2,1
1012519,32,0.5,4.73,5.57,3,0
6986,31,0.5,4.91,8.09,0,0
1004145,23,0.5,6.46,5.0,0,0
1011138,31,0.5,4.31,3.4,1,0
989,34,0.5,5.05,4.52,0,0
665,24,0.5,6.49,5.37,2,0
801,33,0.5,6.06,7.26,0,0
6893,12,0.5,5.4,7.96,0,0
3551,33,0.4,3.99,4.4,1,0
1013507,32,0.4,5.68,3.85,3,0
110,33,0.4,4.63,3.56,1,0
1011708,26,0.4,3.64,5.41,5,0
1005136,32,0.4,3.82,3.4,2,0
6249,32,0.4,4.63,4.53,0,0
1116,33,0.4,4.72,6.22,9,0
6986,30,0.4,4.28,9.3,0,0
1508,33,0.4,5.73,4.05,1,0
3403,32,0.4,5.77,6.17,1,0
1012,33,0.4,5.09,6.53,1,0
1094,40,0.4,6.36,4.73,1,1
1008383,38,0.4,3.99,3.5,3,5
1002255,22,0.4,4.9,4.03,2,0
1014,32,0.4,5.44,5.55,0,0
1012054,24,0.4,4.37,3.61,0,0
1003067,46,0.4,5.36,6.39,1,0
6902,12,0.4,4.5,6.68,0,0
1009122,36,0.3,5.22,3.75,4,0
4366,33,0.3,3.69,4.58,1,0
1010703,32,0.3,4.51,4.12,3,0
535,31,0.3,5.3,3.67,0,0
998,31,0.3,5.6,3.63,0,0
1000803,33,0.3,5.45,6.05,2,0
1000313,36,0.3,4.49,5.41,0,0
1137,37,0.3,4.57,5.69,0,0
5669,31,0.3,4.85,3.8,1,0
27,30,0.3,5.36,5.04,1,0
4371,30,0.3,5.43,5.27,0,0
503,31,0.3,5.76,5.6,0,0
1002543,39,0.3,3.94,6.21,3,0
430,30,0.3,6.15,3.73,0,0
1004001,19,0.3,5.15,7.41,2,0
1013675,22,0.3,5.52,5.76,0,0
1008207,33,0.3,3.68,2.67,1,6
1006388,19,0.3,4.5,5.35,1,0
1002570,25,0.3,5.02,4.96,2,0
326,30,0.3,5.33,3.2,2,2
11589,34,0.2,3.82,5.99,0,0
1008383,33,0.2,3.86,4.63,11,0
9129,31,0.2,4.48,8.3,0,0
1006050,32,0.2,4.07,4.69,5,0
1001830,24,0.2,3.99,2.56,3,0
1116,33,0.2,4.93,3.96,1,0
27,33,0.2,5.57,4.91,0,0
1012555,35,0.2,4.41,4.46,2,0
3292,33,0.2,4.75,6.42,1,0
1008383,33,0.2,4.76,3.16,4,0
1009973,22,0.2,3.75,2.47,5,0
44,35,0.2,5.64,3.8,2,0
4930,12,0.2,5.16,6.2,0,0
1005416,29,0.2,6.65,5.68,1,1
10123,12,0.2,5.35,7.75,1,0
1006442,30,0.1,4.1,3.4,3,0
4235,31,0.1,5.06,5.21,1,0
1005150,34,0.1,4.9,2.56,5,0
15474,32,0.1,6.13,6.49,0,0
672,32,0.1,5.18,3.47,3,0
1013750,30,0.1,5.29,3.4,0,0
3273,32,0.1,4.1,5.74,0,0
1931,30,0.1,5.25,4.75,2,0
1007031,33,0.1,5.27,3.85,1,0
1185,32,0.1,4.59,4.7,1,0
6068,31,0.1,4.63,5.07,0,0
1013435,35,0.1,5.49,5.44,4,0
13834,11,0.1,4.48,6.64,1,0
665,29,0.1,5.8,3.93,2,0
1008161,33,0.0,5.15,3.4,3,0
3196,30,0.0,3.65,5.89,0,0
1001830,32,0.0,4.53,2.29,10,0
633,31,0.0,4.96,4.56,0,0
1003473,31,-0.1,5.74,4.52,0,0
1009582,35,-0.1,3.83,4.83,4,0
1001007,28,-0.1,3.97,4.17,2,0
1004233,34,-0.1,4.28,2.7,6,0
150,33,-0.1,5.0,5.22,0,0
475,33,-0.1,6.65,5.68,0,0
1001033,34,-0.1,4.98,4.72,0,0
1012528,29,-0.1,2.32,4.57,0,4
15440,12,-0.1,6.71,8.95,1,0
557,36,-0.2,5.5,5.36,1,0
291,21,-0.2,4.73,3.98,0,0
1003570,30,-0.2,3.92,3.71,1,0
1009637,28,-0.2,4.76,4.49,7,0
1091,34,-0.2,5.21,5.57,1,0
475,32,-0.2,5.54,4.56,2,0
1003185,32,-0.3,5.09,4.85,0,0
1009122,25,-0.3,5.42,3.62,4,0
4635,32,-0.3,4.54,5.52,0,0
1003228,25,-0.3,7.39,5.39,0,0
475,32,-0.3,6.99,4.27,1,0
1012191,21,-0.3,5.55,4.25,1,0
1003424,32,-0.4,5.0,4.05,4,0
1005150,31,-0.4,5.18,3.63,3,0
1001161,31,-0.4,4.57,3.58,0,0
1529,31,-0.4,6.05,6.86,0,0
8011,32,-0.4,4.3,5.68,0,0
1284,23,-0.4,6.09,6.4,0,0
1283,34,-0.5,5.19,3.55,1,0
526,34,-0.5,5.22,4.62,0,0
105,33,-0.5,6.02,4.45,0,0
973,36,-0.5,5.94,3.49,0,0
1003910,40,-0.5,3.84,5.32,3,2
107,31,-0.6,5.16,4.29,0,0
1009465,37,-0.6,6.36,3.7,1,1
1003711,31,-0.6,4.2,3.75,8,0
1007031,35,-0.6,5.13,3.49,1,0
1009744,36,-0.6,5.63,4.13,0,0
1004306,34,-0.7,5.41,3.98,2,0
1010719,32,-0.7,4.18,3.95,4,0
1006050,30,-0.8,4.35,4.65,5,0
3200,30,-0.8,5.16,6.72,1,0
7059,33,-1.0,5.85,6.69,1,0
569,34,-1.3,6.17,5.21,0,0
1006858,34,-1.4,5.72,3.22,10,0
978,32,-1.6,5.07,4.88,1,0
